-- --------------------------------------------------------
-- Host:                         127.0.0.1
-- Server version:               8.0.31 - MySQL Community Server - GPL
-- Server OS:                    Win64
-- HeidiSQL Version:             12.5.0.6677
-- --------------------------------------------------------

/*!40101 SET @OLD_CHARACTER_SET_CLIENT=@@CHARACTER_SET_CLIENT */;
/*!40101 SET NAMES utf8 */;
/*!50503 SET NAMES utf8mb4 */;
/*!40103 SET @OLD_TIME_ZONE=@@TIME_ZONE */;
/*!40103 SET TIME_ZONE='+00:00' */;
/*!40014 SET @OLD_FOREIGN_KEY_CHECKS=@@FOREIGN_KEY_CHECKS, FOREIGN_KEY_CHECKS=0 */;
/*!40101 SET @OLD_SQL_MODE=@@SQL_MODE, SQL_MODE='NO_AUTO_VALUE_ON_ZERO' */;
/*!40111 SET @OLD_SQL_NOTES=@@SQL_NOTES, SQL_NOTES=0 */;


-- Dumping database structure for db_logistic
CREATE DATABASE IF NOT EXISTS `db_logistic` /*!40100 DEFAULT CHARACTER SET utf8mb4 COLLATE utf8mb4_general_ci */ /*!80016 DEFAULT ENCRYPTION='N' */;
USE `db_logistic`;

-- Dumping structure for table db_logistic.answer
CREATE TABLE IF NOT EXISTS `answer` (
  `id` bigint NOT NULL AUTO_INCREMENT,
  `nip` varchar(255) COLLATE utf8mb4_general_ci DEFAULT NULL,
  `selected_option` varchar(255) COLLATE utf8mb4_general_ci DEFAULT NULL,
  `team_name` varchar(255) COLLATE utf8mb4_general_ci DEFAULT NULL,
  `username` varchar(255) COLLATE utf8mb4_general_ci DEFAULT NULL,
  `question_id` bigint DEFAULT NULL,
  PRIMARY KEY (`id`),
  KEY `FK7mluqeoggakn10mca9veouh1p` (`question_id`),
  CONSTRAINT `FK7mluqeoggakn10mca9veouh1p` FOREIGN KEY (`question_id`) REFERENCES `questions` (`id`)
) ENGINE=InnoDB DEFAULT CHARSET=utf8mb4 COLLATE=utf8mb4_general_ci;

-- Dumping data for table db_logistic.answer: ~0 rows (approximately)
DELETE FROM `answer`;

-- Dumping structure for table db_logistic.criteria_lapangan
CREATE TABLE IF NOT EXISTS `criteria_lapangan` (
  `id` int NOT NULL AUTO_INCREMENT,
  `name` varchar(255) CHARACTER SET utf8mb4 COLLATE utf8mb4_general_ci DEFAULT NULL,
  PRIMARY KEY (`id`) USING BTREE
) ENGINE=InnoDB AUTO_INCREMENT=8 DEFAULT CHARSET=utf8mb4 COLLATE=utf8mb4_general_ci;

-- Dumping data for table db_logistic.criteria_lapangan: ~7 rows (approximately)
DELETE FROM `criteria_lapangan`;
INSERT INTO `criteria_lapangan` (`id`, `name`) VALUES
	(1, 'PEMILIHAN & TUJUAN PROYEK PERBAIKAN '),
	(2, 'PENETAPAN TARGET PROYEK PERBAIKAN'),
	(3, 'ANALISA SITUASI & PENENTUAN FAKTOR PENYEBAB MASALAH UTAMA\r\n'),
	(4, 'PENGEMBANGAN & RENCANA SOLUSI PERBAIKAN'),
	(5, 'IMPLEMENTASI SOLUSI PERBAIKAN'),
	(6, 'EVALUASI HASIL PERBAIKAN'),
	(7, 'PENGENDALIAN DAN STANDARISASI');

-- Dumping structure for table db_logistic.criteria_yelyel
CREATE TABLE IF NOT EXISTS `criteria_yelyel` (
  `criteria_id` int NOT NULL AUTO_INCREMENT,
  `criteria_name` varchar(255) CHARACTER SET utf8mb4 COLLATE utf8mb4_general_ci DEFAULT NULL,
  PRIMARY KEY (`criteria_id`)
) ENGINE=InnoDB AUTO_INCREMENT=6 DEFAULT CHARSET=utf8mb4 COLLATE=utf8mb4_general_ci;

-- Dumping data for table db_logistic.criteria_yelyel: ~5 rows (approximately)
DELETE FROM `criteria_yelyel`;
INSERT INTO `criteria_yelyel` (`criteria_id`, `criteria_name`) VALUES
	(1, 'Kekompakan '),
	(2, 'Kesesuaian tema/'),
	(3, 'Kreativitas'),
	(4, 'Gerakan'),
	(5, 'Ketepatan Waktu');

-- Dumping structure for table db_logistic.items_presentasi
CREATE TABLE IF NOT EXISTS `items_presentasi` (
  `id` int NOT NULL AUTO_INCREMENT,
  `title` varchar(255) COLLATE utf8mb4_general_ci DEFAULT NULL,
  `max_score` double DEFAULT NULL,
  PRIMARY KEY (`id`)
) ENGINE=InnoDB AUTO_INCREMENT=8 DEFAULT CHARSET=utf8mb4 COLLATE=utf8mb4_general_ci;

-- Dumping data for table db_logistic.items_presentasi: ~7 rows (approximately)
DELETE FROM `items_presentasi`;
INSERT INTO `items_presentasi` (`id`, `title`, `max_score`) VALUES
	(1, 'Korelasi dengan stretegi atau tingkat urgensi atau tingkat kepentingan permasalahan dalam company view', 20),
	(2, 'Metode  dan tools yang digunakan dalam pengembangan solusi dan inovasi/improvement actions', 20),
	(3, 'Standarisasi', 10),
	(4, 'Teknik Penyampaian /\r\nKejelasan Presentasi', 18),
	(5, 'Keharmonisan penggunaan alat bantu', 15),
	(6, 'Kerjasama team dalam presentasi\r\n (Pengelolaan presentasi)', 10),
	(7, 'Ketepatan waktu presentasi\r\n(Score by timekeeper)', 7);

-- Dumping structure for table db_logistic.kriteria
CREATE TABLE IF NOT EXISTS `kriteria` (
  `id` bigint NOT NULL AUTO_INCREMENT,
  `name` varchar(255) COLLATE utf8mb4_general_ci DEFAULT NULL,
  PRIMARY KEY (`id`)
) ENGINE=InnoDB AUTO_INCREMENT=8 DEFAULT CHARSET=utf8mb4 COLLATE=utf8mb4_general_ci;

-- Dumping data for table db_logistic.kriteria: ~7 rows (approximately)
DELETE FROM `kriteria`;
INSERT INTO `kriteria` (`id`, `name`) VALUES
	(1, 'PEMILIHAN & TUJUAN PROYEK PERBAIKAN '),
	(2, 'PENETAPAN TARGET PROYEK PERBAIKAN'),
	(3, 'ANALISA SITUASI & PENENTUAN FAKTOR PENYEBAB MASALAH UTAMA'),
	(4, 'PENGEMBANGAN & RENCANA SOLUSI PERBAIKAN'),
	(5, 'IMPLEMENTASI SOLUSI PERBAIKAN'),
	(6, 'EVALUASI HASIL PERBAIKAN'),
	(7, 'PENGENDALIAN DAN STANDARISASI');

-- Dumping structure for table db_logistic.multiple_choice_lapangan
CREATE TABLE IF NOT EXISTS `multiple_choice_lapangan` (
  `choice_id` int NOT NULL AUTO_INCREMENT,
  `choice_value` double DEFAULT NULL,
  `question_id` int DEFAULT NULL,
  PRIMARY KEY (`choice_id`),
  KEY `FKrmvyshef5iv5mp6m2yopn5xat` (`question_id`),
  CONSTRAINT `FKrmvyshef5iv5mp6m2yopn5xat` FOREIGN KEY (`question_id`) REFERENCES `questions_lapangan` (`question_id`)
) ENGINE=InnoDB AUTO_INCREMENT=190 DEFAULT CHARSET=utf8mb4 COLLATE=utf8mb4_general_ci;

-- Dumping data for table db_logistic.multiple_choice_lapangan: ~164 rows (approximately)
DELETE FROM `multiple_choice_lapangan`;
INSERT INTO `multiple_choice_lapangan` (`choice_id`, `choice_value`, `question_id`) VALUES
	(26, 1, 1),
	(27, 0.75, 1),
	(28, 0.5, 1),
	(29, 0.3, 1),
	(30, 1, 2),
	(31, 0.75, 2),
	(32, 0.5, 2),
	(33, 0.3, 2),
	(34, 1, 3),
	(35, 0.75, 3),
	(36, 0.5, 3),
	(37, 0.3, 3),
	(38, 1, 4),
	(39, 0.75, 4),
	(40, 0.5, 4),
	(41, 0.3, 4),
	(42, 1, 5),
	(43, 0.75, 5),
	(44, 0.5, 5),
	(45, 0.3, 5),
	(46, 1, 6),
	(47, 0.75, 6),
	(48, 0.5, 6),
	(49, 0.3, 6),
	(50, 1, 7),
	(51, 0.75, 7),
	(52, 0.5, 7),
	(53, 0.3, 7),
	(54, 0.75, 8),
	(55, 0.56, 8),
	(56, 0.38, 8),
	(57, 0.23, 8),
	(58, 1, 9),
	(59, 0.75, 9),
	(60, 0.5, 9),
	(61, 0.3, 9),
	(62, 1, 10),
	(63, 0.75, 10),
	(64, 0.5, 10),
	(65, 0.3, 10),
	(66, 1, 11),
	(67, 0.75, 11),
	(68, 0.5, 11),
	(69, 0.3, 11),
	(70, 2, 12),
	(71, 1.5, 12),
	(72, 1, 12),
	(73, 0.6, 12),
	(74, 2, 13),
	(75, 1.5, 13),
	(76, 1, 13),
	(77, 0.6, 13),
	(78, 2, 14),
	(79, 1.5, 14),
	(80, 1, 14),
	(81, 0.6, 14),
	(82, 1, 15),
	(83, 0.75, 15),
	(84, 0.5, 15),
	(85, 0.3, 15),
	(86, 1, 16),
	(87, 0.75, 16),
	(88, 0.5, 16),
	(89, 0.3, 16),
	(90, 1, 17),
	(91, 0.75, 17),
	(92, 0.5, 17),
	(93, 0.3, 17),
	(94, 1, 18),
	(95, 0.75, 18),
	(96, 0.5, 18),
	(97, 0.3, 18),
	(98, 2, 19),
	(99, 1.5, 19),
	(100, 1, 19),
	(101, 0.6, 19),
	(102, 1, 20),
	(103, 0.75, 20),
	(104, 0.5, 20),
	(105, 0.3, 20),
	(106, 1, 21),
	(107, 0.75, 21),
	(108, 0.5, 21),
	(109, 0.3, 21),
	(110, 1, 22),
	(111, 0.75, 22),
	(112, 0.5, 22),
	(113, 0.3, 22),
	(114, 2, 23),
	(115, 1.5, 23),
	(116, 1, 23),
	(117, 0.6, 23),
	(118, 2, 24),
	(119, 1.5, 24),
	(120, 1, 24),
	(121, 0.6, 24),
	(122, 10, 25),
	(123, 7.5, 25),
	(124, 5, 25),
	(125, 3.6, 25),
	(126, 10, 26),
	(127, 7.5, 26),
	(128, 5, 26),
	(129, 3.6, 26),
	(130, 10, 27),
	(131, 7.5, 27),
	(132, 5, 27),
	(133, 3.6, 27),
	(134, 5, 28),
	(135, 3.75, 28),
	(136, 2.5, 28),
	(137, 1.5, 28),
	(138, 5, 29),
	(139, 3.75, 29),
	(140, 2.5, 29),
	(141, 1.5, 29),
	(142, 3.33, 30),
	(143, 3.75, 30),
	(144, 1.67, 30),
	(145, 1, 30),
	(146, 3.33, 31),
	(147, 3.75, 31),
	(148, 1.67, 31),
	(149, 1, 31),
	(150, 3.33, 32),
	(151, 3.75, 32),
	(152, 1.67, 32),
	(153, 1, 32),
	(154, 10, 33),
	(155, 7.5, 33),
	(156, 5, 33),
	(157, 3.6, 33),
	(158, 1, 34),
	(159, 0.75, 34),
	(160, 0.5, 34),
	(161, 0.3, 34),
	(162, 1, 35),
	(163, 0.75, 35),
	(164, 0.5, 35),
	(165, 0.3, 35),
	(166, 1, 36),
	(167, 0.75, 36),
	(168, 0.5, 36),
	(169, 0.3, 36),
	(170, 1, 37),
	(171, 0.75, 37),
	(172, 0.5, 37),
	(173, 0.3, 37),
	(174, 1, 38),
	(175, 0.75, 38),
	(176, 0.5, 38),
	(177, 0.3, 38),
	(178, 1.5, 39),
	(179, 1.13, 39),
	(180, 0.75, 39),
	(181, 0.5, 39),
	(182, 1.5, 40),
	(183, 1.13, 40),
	(184, 0.75, 40),
	(185, 0.5, 40),
	(186, 2, 41),
	(187, 1.5, 41),
	(188, 1, 41),
	(189, 0.5, 41);

-- Dumping structure for table db_logistic.nilai_lapangan
CREATE TABLE IF NOT EXISTS `nilai_lapangan` (
  `nilai_id` int NOT NULL AUTO_INCREMENT,
  `nilai` double DEFAULT NULL,
  `team_name` varchar(50) CHARACTER SET utf8mb4 COLLATE utf8mb4_general_ci DEFAULT NULL,
  `username` varchar(50) CHARACTER SET utf8mb4 COLLATE utf8mb4_general_ci DEFAULT NULL,
  `question_id` int NOT NULL,
  `timestamp` date DEFAULT NULL,
  `nip` varchar(255) COLLATE utf8mb4_general_ci DEFAULT NULL,
  PRIMARY KEY (`nilai_id`)
) ENGINE=InnoDB AUTO_INCREMENT=3580 DEFAULT CHARSET=utf8mb4 COLLATE=utf8mb4_general_ci;

-- Dumping data for table db_logistic.nilai_lapangan: ~369 rows (approximately)
DELETE FROM `nilai_lapangan`;
INSERT INTO `nilai_lapangan` (`nilai_id`, `nilai`, `team_name`, `username`, `question_id`, `timestamp`, `nip`) VALUES
	(3170, 0.3, 'SEMONGKO', 'dude', 1, '2023-12-19', '11'),
	(3171, 0.3, 'SEMONGKO', 'dude', 2, '2023-12-19', '11'),
	(3172, 0.75, 'SEMONGKO', 'dude', 3, '2023-12-19', '11'),
	(3173, 0.3, 'SEMONGKO', 'dude', 4, '2023-12-19', '11'),
	(3174, 0.5, 'SEMONGKO', 'dude', 5, '2023-12-19', '11'),
	(3175, 0.5, 'SEMONGKO', 'dude', 6, '2023-12-19', '11'),
	(3176, 0.75, 'SEMONGKO', 'dude', 7, '2023-12-19', '11'),
	(3177, 0.23, 'SEMONGKO', 'dude', 8, '2023-12-19', '11'),
	(3178, 0.75, 'SEMONGKO', 'dude', 9, '2023-12-19', '11'),
	(3179, 1, 'SEMONGKO', 'dude', 10, '2023-12-19', '11'),
	(3180, 0.5, 'SEMONGKO', 'dude', 11, '2023-12-19', '11'),
	(3181, 0.6, 'SEMONGKO', 'dude', 12, '2023-12-19', '11'),
	(3182, 1, 'SEMONGKO', 'dude', 13, '2023-12-19', '11'),
	(3183, 1, 'SEMONGKO', 'dude', 14, '2023-12-19', '11'),
	(3184, 0.75, 'SEMONGKO', 'dude', 15, '2023-12-19', '11'),
	(3185, 0.5, 'SEMONGKO', 'dude', 16, '2023-12-19', '11'),
	(3186, 0.5, 'SEMONGKO', 'dude', 17, '2023-12-19', '11'),
	(3187, 0.3, 'SEMONGKO', 'dude', 18, '2023-12-19', '11'),
	(3188, 2, 'SEMONGKO', 'dude', 19, '2023-12-19', '11'),
	(3189, 0.5, 'SEMONGKO', 'dude', 20, '2023-12-19', '11'),
	(3190, 0.75, 'SEMONGKO', 'dude', 21, '2023-12-19', '11'),
	(3191, 1, 'SEMONGKO', 'dude', 22, '2023-12-19', '11'),
	(3192, 2, 'SEMONGKO', 'dude', 23, '2023-12-19', '11'),
	(3193, 0.6, 'SEMONGKO', 'dude', 24, '2023-12-19', '11'),
	(3194, 7.5, 'SEMONGKO', 'dude', 25, '2023-12-19', '11'),
	(3195, 7.5, 'SEMONGKO', 'dude', 26, '2023-12-19', '11'),
	(3196, 3.6, 'SEMONGKO', 'dude', 27, '2023-12-19', '11'),
	(3197, 2.5, 'SEMONGKO', 'dude', 28, '2023-12-19', '11'),
	(3198, 2.5, 'SEMONGKO', 'dude', 29, '2023-12-19', '11'),
	(3199, 1.67, 'SEMONGKO', 'dude', 30, '2023-12-19', '11'),
	(3200, 3.75, 'SEMONGKO', 'dude', 31, '2023-12-19', '11'),
	(3201, 3.33, 'SEMONGKO', 'dude', 32, '2023-12-19', '11'),
	(3202, 10, 'SEMONGKO', 'dude', 33, '2023-12-19', '11'),
	(3203, 0.3, 'SEMONGKO', 'dude', 34, '2023-12-19', '11'),
	(3204, 0.75, 'SEMONGKO', 'dude', 35, '2023-12-19', '11'),
	(3205, 0.3, 'SEMONGKO', 'dude', 36, '2023-12-19', '11'),
	(3206, 1, 'SEMONGKO', 'dude', 37, '2023-12-19', '11'),
	(3207, 1, 'SEMONGKO', 'dude', 38, '2023-12-19', '11'),
	(3208, 0.75, 'SEMONGKO', 'dude', 39, '2023-12-19', '11'),
	(3209, 1, 'SEMONGKO', 'dude', 40, '2023-12-19', '11'),
	(3210, 0, 'SEMONGKO', 'dude', 41, '2023-12-19', '11'),
	(3252, 0.75, 'TERASI', 'wiz', 1, '2023-12-21', '10'),
	(3253, 0.75, 'TERASI', 'wiz', 2, '2023-12-21', '10'),
	(3254, 0.75, 'TERASI', 'wiz', 3, '2023-12-21', '10'),
	(3255, 0.5, 'TERASI', 'wiz', 4, '2023-12-21', '10'),
	(3256, 0.75, 'TERASI', 'wiz', 5, '2023-12-21', '10'),
	(3257, 0.3, 'TERASI', 'wiz', 6, '2023-12-21', '10'),
	(3258, 0.3, 'TERASI', 'wiz', 7, '2023-12-21', '10'),
	(3259, 0.23, 'TERASI', 'wiz', 8, '2023-12-21', '10'),
	(3260, 0.75, 'TERASI', 'wiz', 9, '2023-12-21', '10'),
	(3261, 0.3, 'TERASI', 'wiz', 10, '2023-12-21', '10'),
	(3262, 0.5, 'TERASI', 'wiz', 11, '2023-12-21', '10'),
	(3263, 2, 'TERASI', 'wiz', 12, '2023-12-21', '10'),
	(3264, 1.5, 'TERASI', 'wiz', 13, '2023-12-21', '10'),
	(3265, 2, 'TERASI', 'wiz', 14, '2023-12-21', '10'),
	(3266, 0.5, 'TERASI', 'wiz', 15, '2023-12-21', '10'),
	(3267, 1, 'TERASI', 'wiz', 16, '2023-12-21', '10'),
	(3268, 0.3, 'TERASI', 'wiz', 17, '2023-12-21', '10'),
	(3269, 0.75, 'TERASI', 'wiz', 18, '2023-12-21', '10'),
	(3270, 0.6, 'TERASI', 'wiz', 19, '2023-12-21', '10'),
	(3271, 0.5, 'TERASI', 'wiz', 20, '2023-12-21', '10'),
	(3272, 0.3, 'TERASI', 'wiz', 21, '2023-12-21', '10'),
	(3273, 0.75, 'TERASI', 'wiz', 22, '2023-12-21', '10'),
	(3274, 0.6, 'TERASI', 'wiz', 23, '2023-12-21', '10'),
	(3275, 1.5, 'TERASI', 'wiz', 24, '2023-12-21', '10'),
	(3276, 10, 'TERASI', 'wiz', 25, '2023-12-21', '10'),
	(3277, 5, 'TERASI', 'wiz', 26, '2023-12-21', '10'),
	(3278, 5, 'TERASI', 'wiz', 27, '2023-12-21', '10'),
	(3279, 5, 'TERASI', 'wiz', 28, '2023-12-21', '10'),
	(3280, 3.75, 'TERASI', 'wiz', 29, '2023-12-21', '10'),
	(3281, 3.75, 'TERASI', 'wiz', 30, '2023-12-21', '10'),
	(3282, 3.33, 'TERASI', 'wiz', 31, '2023-12-21', '10'),
	(3283, 3.33, 'TERASI', 'wiz', 32, '2023-12-21', '10'),
	(3284, 3.6, 'TERASI', 'wiz', 33, '2023-12-21', '10'),
	(3285, 0.5, 'TERASI', 'wiz', 34, '2023-12-21', '10'),
	(3286, 0.75, 'TERASI', 'wiz', 35, '2023-12-21', '10'),
	(3287, 0.3, 'TERASI', 'wiz', 36, '2023-12-21', '10'),
	(3288, 0.3, 'TERASI', 'wiz', 37, '2023-12-21', '10'),
	(3289, 0.5, 'TERASI', 'wiz', 38, '2023-12-21', '10'),
	(3290, 1.5, 'TERASI', 'wiz', 39, '2023-12-21', '10'),
	(3291, 0.5, 'TERASI', 'wiz', 40, '2023-12-21', '10'),
	(3292, 1.5, 'TERASI', 'wiz', 41, '2023-12-21', '10'),
	(3293, 0.75, 'ALADIN', 'wiz', 1, '2023-12-21', '10'),
	(3294, 0.3, 'ALADIN', 'wiz', 2, '2023-12-21', '10'),
	(3295, 0.5, 'ALADIN', 'wiz', 3, '2023-12-21', '10'),
	(3296, 0.3, 'ALADIN', 'wiz', 4, '2023-12-21', '10'),
	(3297, 0.75, 'ALADIN', 'wiz', 5, '2023-12-21', '10'),
	(3298, 1, 'ALADIN', 'wiz', 6, '2023-12-21', '10'),
	(3299, 0.3, 'ALADIN', 'wiz', 7, '2023-12-21', '10'),
	(3300, 0.75, 'ALADIN', 'wiz', 8, '2023-12-21', '10'),
	(3301, 1, 'ALADIN', 'wiz', 9, '2023-12-21', '10'),
	(3302, 0.75, 'ALADIN', 'wiz', 10, '2023-12-21', '10'),
	(3303, 0.3, 'ALADIN', 'wiz', 11, '2023-12-21', '10'),
	(3304, 0.6, 'ALADIN', 'wiz', 12, '2023-12-21', '10'),
	(3305, 0.6, 'ALADIN', 'wiz', 13, '2023-12-21', '10'),
	(3306, 1.5, 'ALADIN', 'wiz', 14, '2023-12-21', '10'),
	(3307, 0.5, 'ALADIN', 'wiz', 15, '2023-12-21', '10'),
	(3308, 0.3, 'ALADIN', 'wiz', 16, '2023-12-21', '10'),
	(3309, 0.5, 'ALADIN', 'wiz', 17, '2023-12-21', '10'),
	(3310, 0.75, 'ALADIN', 'wiz', 18, '2023-12-21', '10'),
	(3311, 2, 'ALADIN', 'wiz', 19, '2023-12-21', '10'),
	(3312, 0.75, 'ALADIN', 'wiz', 20, '2023-12-21', '10'),
	(3313, 0.3, 'ALADIN', 'wiz', 21, '2023-12-21', '10'),
	(3314, 1, 'ALADIN', 'wiz', 22, '2023-12-21', '10'),
	(3315, 1.5, 'ALADIN', 'wiz', 23, '2023-12-21', '10'),
	(3316, 2, 'ALADIN', 'wiz', 24, '2023-12-21', '10'),
	(3317, 5, 'ALADIN', 'wiz', 25, '2023-12-21', '10'),
	(3318, 5, 'ALADIN', 'wiz', 26, '2023-12-21', '10'),
	(3319, 10, 'ALADIN', 'wiz', 27, '2023-12-21', '10'),
	(3320, 2.5, 'ALADIN', 'wiz', 28, '2023-12-21', '10'),
	(3321, 5, 'ALADIN', 'wiz', 29, '2023-12-21', '10'),
	(3322, 3.75, 'ALADIN', 'wiz', 30, '2023-12-21', '10'),
	(3323, 1, 'ALADIN', 'wiz', 31, '2023-12-21', '10'),
	(3324, 1, 'ALADIN', 'wiz', 32, '2023-12-21', '10'),
	(3325, 10, 'ALADIN', 'wiz', 33, '2023-12-21', '10'),
	(3326, 0.75, 'ALADIN', 'wiz', 34, '2023-12-21', '10'),
	(3327, 0.5, 'ALADIN', 'wiz', 35, '2023-12-21', '10'),
	(3328, 0.3, 'ALADIN', 'wiz', 36, '2023-12-21', '10'),
	(3329, 0.5, 'ALADIN', 'wiz', 37, '2023-12-21', '10'),
	(3330, 0.5, 'ALADIN', 'wiz', 38, '2023-12-21', '10'),
	(3331, 0.5, 'ALADIN', 'wiz', 39, '2023-12-21', '10'),
	(3332, 1.13, 'ALADIN', 'wiz', 40, '2023-12-21', '10'),
	(3333, 0.5, 'ALADIN', 'wiz', 41, '2023-12-21', '10'),
	(3334, 1, 'BALADEWA', 'wiz', 1, '2023-12-21', '10'),
	(3335, 0.3, 'BALADEWA', 'wiz', 2, '2023-12-21', '10'),
	(3336, 1, 'BALADEWA', 'wiz', 3, '2023-12-21', '10'),
	(3337, 1, 'BALADEWA', 'wiz', 4, '2023-12-21', '10'),
	(3338, 0.3, 'BALADEWA', 'wiz', 5, '2023-12-21', '10'),
	(3339, 0.5, 'BALADEWA', 'wiz', 6, '2023-12-21', '10'),
	(3340, 0.5, 'BALADEWA', 'wiz', 7, '2023-12-21', '10'),
	(3341, 0.23, 'BALADEWA', 'wiz', 8, '2023-12-21', '10'),
	(3342, 0.5, 'BALADEWA', 'wiz', 9, '2023-12-21', '10'),
	(3343, 0.75, 'BALADEWA', 'wiz', 10, '2023-12-21', '10'),
	(3344, 1, 'BALADEWA', 'wiz', 11, '2023-12-21', '10'),
	(3345, 0.6, 'BALADEWA', 'wiz', 12, '2023-12-21', '10'),
	(3346, 1.5, 'BALADEWA', 'wiz', 13, '2023-12-21', '10'),
	(3347, 1.5, 'BALADEWA', 'wiz', 14, '2023-12-21', '10'),
	(3348, 1, 'BALADEWA', 'wiz', 15, '2023-12-21', '10'),
	(3349, 0.3, 'BALADEWA', 'wiz', 16, '2023-12-21', '10'),
	(3350, 0.5, 'BALADEWA', 'wiz', 17, '2023-12-21', '10'),
	(3351, 0.75, 'BALADEWA', 'wiz', 18, '2023-12-21', '10'),
	(3352, 2, 'BALADEWA', 'wiz', 19, '2023-12-21', '10'),
	(3353, 0.3, 'BALADEWA', 'wiz', 20, '2023-12-21', '10'),
	(3354, 0.75, 'BALADEWA', 'wiz', 21, '2023-12-21', '10'),
	(3355, 0.75, 'BALADEWA', 'wiz', 22, '2023-12-21', '10'),
	(3356, 2, 'BALADEWA', 'wiz', 23, '2023-12-21', '10'),
	(3357, 1, 'BALADEWA', 'wiz', 24, '2023-12-21', '10'),
	(3358, 3.6, 'BALADEWA', 'wiz', 25, '2023-12-21', '10'),
	(3359, 7.5, 'BALADEWA', 'wiz', 26, '2023-12-21', '10'),
	(3360, 5, 'BALADEWA', 'wiz', 27, '2023-12-21', '10'),
	(3361, 1.5, 'BALADEWA', 'wiz', 28, '2023-12-21', '10'),
	(3362, 2.5, 'BALADEWA', 'wiz', 29, '2023-12-21', '10'),
	(3363, 1, 'BALADEWA', 'wiz', 30, '2023-12-21', '10'),
	(3364, 1, 'BALADEWA', 'wiz', 31, '2023-12-21', '10'),
	(3365, 1.67, 'BALADEWA', 'wiz', 32, '2023-12-21', '10'),
	(3366, 10, 'BALADEWA', 'wiz', 33, '2023-12-21', '10'),
	(3367, 0.5, 'BALADEWA', 'wiz', 34, '2023-12-21', '10'),
	(3368, 0.5, 'BALADEWA', 'wiz', 35, '2023-12-21', '10'),
	(3369, 0.3, 'BALADEWA', 'wiz', 36, '2023-12-21', '10'),
	(3370, 0.75, 'BALADEWA', 'wiz', 37, '2023-12-21', '10'),
	(3371, 1, 'BALADEWA', 'wiz', 38, '2023-12-21', '10'),
	(3372, 1.5, 'BALADEWA', 'wiz', 39, '2023-12-21', '10'),
	(3373, 0.75, 'BALADEWA', 'wiz', 40, '2023-12-21', '10'),
	(3374, 2, 'BALADEWA', 'wiz', 41, '2023-12-21', '10'),
	(3375, 0.5, 'ARES', 'wiz', 1, '2023-12-21', '10'),
	(3376, 1, 'ARES', 'wiz', 2, '2023-12-21', '10'),
	(3377, 1, 'ARES', 'wiz', 3, '2023-12-21', '10'),
	(3378, 0.3, 'ARES', 'wiz', 4, '2023-12-21', '10'),
	(3379, 0.75, 'ARES', 'wiz', 5, '2023-12-21', '10'),
	(3380, 0.5, 'ARES', 'wiz', 6, '2023-12-21', '10'),
	(3381, 0.5, 'ARES', 'wiz', 7, '2023-12-21', '10'),
	(3382, 0.75, 'ARES', 'wiz', 8, '2023-12-21', '10'),
	(3383, 0.75, 'ARES', 'wiz', 9, '2023-12-21', '10'),
	(3384, 0.5, 'ARES', 'wiz', 10, '2023-12-21', '10'),
	(3385, 0.3, 'ARES', 'wiz', 11, '2023-12-21', '10'),
	(3386, 1.5, 'ARES', 'wiz', 12, '2023-12-21', '10'),
	(3387, 1, 'ARES', 'wiz', 13, '2023-12-21', '10'),
	(3388, 1, 'ARES', 'wiz', 14, '2023-12-21', '10'),
	(3389, 1, 'ARES', 'wiz', 15, '2023-12-21', '10'),
	(3390, 0.5, 'ARES', 'wiz', 16, '2023-12-21', '10'),
	(3391, 1, 'ARES', 'wiz', 17, '2023-12-21', '10'),
	(3392, 0.75, 'ARES', 'wiz', 18, '2023-12-21', '10'),
	(3393, 1, 'ARES', 'wiz', 19, '2023-12-21', '10'),
	(3394, 0.3, 'ARES', 'wiz', 20, '2023-12-21', '10'),
	(3395, 0.5, 'ARES', 'wiz', 21, '2023-12-21', '10'),
	(3396, 0.75, 'ARES', 'wiz', 22, '2023-12-21', '10'),
	(3397, 1.5, 'ARES', 'wiz', 23, '2023-12-21', '10'),
	(3398, 1.5, 'ARES', 'wiz', 24, '2023-12-21', '10'),
	(3399, 7.5, 'ARES', 'wiz', 25, '2023-12-21', '10'),
	(3400, 5, 'ARES', 'wiz', 26, '2023-12-21', '10'),
	(3401, 5, 'ARES', 'wiz', 27, '2023-12-21', '10'),
	(3402, 5, 'ARES', 'wiz', 28, '2023-12-21', '10'),
	(3403, 2.5, 'ARES', 'wiz', 29, '2023-12-21', '10'),
	(3404, 1.67, 'ARES', 'wiz', 30, '2023-12-21', '10'),
	(3405, 3.75, 'ARES', 'wiz', 31, '2023-12-21', '10'),
	(3406, 3.33, 'ARES', 'wiz', 32, '2023-12-21', '10'),
	(3407, 10, 'ARES', 'wiz', 33, '2023-12-21', '10'),
	(3408, 0.3, 'ARES', 'wiz', 34, '2023-12-21', '10'),
	(3409, 1, 'ARES', 'wiz', 35, '2023-12-21', '10'),
	(3410, 0.3, 'ARES', 'wiz', 36, '2023-12-21', '10'),
	(3411, 0.5, 'ARES', 'wiz', 37, '2023-12-21', '10'),
	(3412, 1, 'ARES', 'wiz', 38, '2023-12-21', '10'),
	(3413, 0.75, 'ARES', 'wiz', 39, '2023-12-21', '10'),
	(3414, 0.5, 'ARES', 'wiz', 40, '2023-12-21', '10'),
	(3415, 0.5, 'ARES', 'wiz', 41, '2023-12-21', '10'),
	(3416, 1, 'TERASI', 'wiz', 1, '2023-12-20', '10'),
	(3417, 0.75, 'TERASI', 'wiz', 2, '2023-12-20', '10'),
	(3418, 0.75, 'TERASI', 'wiz', 3, '2023-12-20', '10'),
	(3419, 0.3, 'TERASI', 'wiz', 4, '2023-12-20', '10'),
	(3420, 0.3, 'TERASI', 'wiz', 5, '2023-12-20', '10'),
	(3421, 1, 'TERASI', 'wiz', 6, '2023-12-20', '10'),
	(3422, 0.3, 'TERASI', 'wiz', 7, '2023-12-20', '10'),
	(3423, 0.75, 'TERASI', 'wiz', 8, '2023-12-20', '10'),
	(3424, 0.3, 'TERASI', 'wiz', 9, '2023-12-20', '10'),
	(3425, 0.75, 'TERASI', 'wiz', 10, '2023-12-20', '10'),
	(3426, 0.3, 'TERASI', 'wiz', 11, '2023-12-20', '10'),
	(3427, 0.6, 'TERASI', 'wiz', 12, '2023-12-20', '10'),
	(3428, 1.5, 'TERASI', 'wiz', 13, '2023-12-20', '10'),
	(3429, 0.6, 'TERASI', 'wiz', 14, '2023-12-20', '10'),
	(3430, 0.75, 'TERASI', 'wiz', 15, '2023-12-20', '10'),
	(3431, 0.75, 'TERASI', 'wiz', 16, '2023-12-20', '10'),
	(3432, 0.75, 'TERASI', 'wiz', 17, '2023-12-20', '10'),
	(3433, 1, 'TERASI', 'wiz', 18, '2023-12-20', '10'),
	(3434, 1, 'TERASI', 'wiz', 19, '2023-12-20', '10'),
	(3435, 0.75, 'TERASI', 'wiz', 20, '2023-12-20', '10'),
	(3436, 1, 'TERASI', 'wiz', 21, '2023-12-20', '10'),
	(3437, 0.75, 'TERASI', 'wiz', 22, '2023-12-20', '10'),
	(3438, 1.5, 'TERASI', 'wiz', 23, '2023-12-20', '10'),
	(3439, 0.6, 'TERASI', 'wiz', 24, '2023-12-20', '10'),
	(3440, 3.6, 'TERASI', 'wiz', 25, '2023-12-20', '10'),
	(3441, 5, 'TERASI', 'wiz', 26, '2023-12-20', '10'),
	(3442, 7.5, 'TERASI', 'wiz', 27, '2023-12-20', '10'),
	(3443, 2.5, 'TERASI', 'wiz', 28, '2023-12-20', '10'),
	(3444, 2.5, 'TERASI', 'wiz', 29, '2023-12-20', '10'),
	(3445, 3.75, 'TERASI', 'wiz', 30, '2023-12-20', '10'),
	(3446, 3.33, 'TERASI', 'wiz', 31, '2023-12-20', '10'),
	(3447, 3.33, 'TERASI', 'wiz', 32, '2023-12-20', '10'),
	(3448, 3.6, 'TERASI', 'wiz', 33, '2023-12-20', '10'),
	(3449, 0.75, 'TERASI', 'wiz', 34, '2023-12-20', '10'),
	(3450, 0.75, 'TERASI', 'wiz', 35, '2023-12-20', '10'),
	(3451, 1, 'TERASI', 'wiz', 36, '2023-12-20', '10'),
	(3452, 0.75, 'TERASI', 'wiz', 37, '2023-12-20', '10'),
	(3453, 0.3, 'TERASI', 'wiz', 38, '2023-12-20', '10'),
	(3454, 0.75, 'TERASI', 'wiz', 39, '2023-12-20', '10'),
	(3455, 1.5, 'TERASI', 'wiz', 40, '2023-12-20', '10'),
	(3456, 0.5, 'TERASI', 'wiz', 41, '2023-12-20', '10'),
	(3457, 0.5, 'SEMONGKO', 'dude', 1, '2023-12-21', '22'),
	(3458, 0.3, 'SEMONGKO', 'dude', 2, '2023-12-21', '22'),
	(3459, 0.5, 'SEMONGKO', 'dude', 3, '2023-12-21', '22'),
	(3460, 0.5, 'SEMONGKO', 'dude', 4, '2023-12-21', '22'),
	(3461, 0.5, 'SEMONGKO', 'dude', 5, '2023-12-21', '22'),
	(3462, 0.75, 'SEMONGKO', 'dude', 6, '2023-12-21', '22'),
	(3463, 0.5, 'SEMONGKO', 'dude', 7, '2023-12-21', '22'),
	(3464, 0.75, 'SEMONGKO', 'dude', 8, '2023-12-21', '22'),
	(3465, 0.5, 'SEMONGKO', 'dude', 9, '2023-12-21', '22'),
	(3466, 0.5, 'SEMONGKO', 'dude', 10, '2023-12-21', '22'),
	(3467, 0.75, 'SEMONGKO', 'dude', 11, '2023-12-21', '22'),
	(3468, 1, 'SEMONGKO', 'dude', 12, '2023-12-21', '22'),
	(3469, 2, 'SEMONGKO', 'dude', 13, '2023-12-21', '22'),
	(3470, 0.6, 'SEMONGKO', 'dude', 14, '2023-12-21', '22'),
	(3471, 0.3, 'SEMONGKO', 'dude', 15, '2023-12-21', '22'),
	(3472, 0.5, 'SEMONGKO', 'dude', 16, '2023-12-21', '22'),
	(3473, 0.5, 'SEMONGKO', 'dude', 17, '2023-12-21', '22'),
	(3474, 0.3, 'SEMONGKO', 'dude', 18, '2023-12-21', '22'),
	(3475, 0.6, 'SEMONGKO', 'dude', 19, '2023-12-21', '22'),
	(3476, 0.5, 'SEMONGKO', 'dude', 20, '2023-12-21', '22'),
	(3477, 0.3, 'SEMONGKO', 'dude', 21, '2023-12-21', '22'),
	(3478, 0.5, 'SEMONGKO', 'dude', 22, '2023-12-21', '22'),
	(3479, 2, 'SEMONGKO', 'dude', 23, '2023-12-21', '22'),
	(3480, 1.5, 'SEMONGKO', 'dude', 24, '2023-12-21', '22'),
	(3481, 10, 'SEMONGKO', 'dude', 25, '2023-12-21', '22'),
	(3482, 3.6, 'SEMONGKO', 'dude', 26, '2023-12-21', '22'),
	(3483, 7.5, 'SEMONGKO', 'dude', 27, '2023-12-21', '22'),
	(3484, 3.75, 'SEMONGKO', 'dude', 28, '2023-12-21', '22'),
	(3485, 1.5, 'SEMONGKO', 'dude', 29, '2023-12-21', '22'),
	(3486, 3.33, 'SEMONGKO', 'dude', 30, '2023-12-21', '22'),
	(3487, 3.33, 'SEMONGKO', 'dude', 31, '2023-12-21', '22'),
	(3488, 1, 'SEMONGKO', 'dude', 32, '2023-12-21', '22'),
	(3489, 7.5, 'SEMONGKO', 'dude', 33, '2023-12-21', '22'),
	(3490, 0.5, 'SEMONGKO', 'dude', 34, '2023-12-21', '22'),
	(3491, 0.5, 'SEMONGKO', 'dude', 35, '2023-12-21', '22'),
	(3492, 0.5, 'SEMONGKO', 'dude', 36, '2023-12-21', '22'),
	(3493, 1, 'SEMONGKO', 'dude', 37, '2023-12-21', '22'),
	(3494, 0.75, 'SEMONGKO', 'dude', 38, '2023-12-21', '22'),
	(3495, 0.5, 'SEMONGKO', 'dude', 39, '2023-12-21', '22'),
	(3496, 0.5, 'SEMONGKO', 'dude', 40, '2023-12-21', '22'),
	(3497, 0.5, 'SEMONGKO', 'dude', 41, '2023-12-21', '22'),
	(3498, 0.75, 'BALADEWA', 'dude', 1, '2023-12-21', '22'),
	(3499, 1, 'BALADEWA', 'dude', 2, '2023-12-21', '22'),
	(3500, 0.75, 'BALADEWA', 'dude', 3, '2023-12-21', '22'),
	(3501, 0.5, 'BALADEWA', 'dude', 4, '2023-12-21', '22'),
	(3502, 0.5, 'BALADEWA', 'dude', 5, '2023-12-21', '22'),
	(3503, 0.75, 'BALADEWA', 'dude', 6, '2023-12-21', '22'),
	(3504, 0.5, 'BALADEWA', 'dude', 7, '2023-12-21', '22'),
	(3505, 0.75, 'BALADEWA', 'dude', 8, '2023-12-21', '22'),
	(3506, 0.5, 'BALADEWA', 'dude', 9, '2023-12-21', '22'),
	(3507, 0.5, 'BALADEWA', 'dude', 10, '2023-12-21', '22'),
	(3508, 0.75, 'BALADEWA', 'dude', 11, '2023-12-21', '22'),
	(3509, 1.5, 'BALADEWA', 'dude', 12, '2023-12-21', '22'),
	(3510, 2, 'BALADEWA', 'dude', 13, '2023-12-21', '22'),
	(3511, 2, 'BALADEWA', 'dude', 14, '2023-12-21', '22'),
	(3512, 1, 'BALADEWA', 'dude', 15, '2023-12-21', '22'),
	(3513, 0.75, 'BALADEWA', 'dude', 16, '2023-12-21', '22'),
	(3514, 0.75, 'BALADEWA', 'dude', 17, '2023-12-21', '22'),
	(3515, 0.75, 'BALADEWA', 'dude', 18, '2023-12-21', '22'),
	(3516, 2, 'BALADEWA', 'dude', 19, '2023-12-21', '22'),
	(3517, 0.5, 'BALADEWA', 'dude', 20, '2023-12-21', '22'),
	(3518, 0.75, 'BALADEWA', 'dude', 21, '2023-12-21', '22'),
	(3519, 0.75, 'BALADEWA', 'dude', 22, '2023-12-21', '22'),
	(3520, 0.6, 'BALADEWA', 'dude', 23, '2023-12-21', '22'),
	(3521, 1.5, 'BALADEWA', 'dude', 24, '2023-12-21', '22'),
	(3522, 10, 'BALADEWA', 'dude', 25, '2023-12-21', '22'),
	(3523, 3.6, 'BALADEWA', 'dude', 26, '2023-12-21', '22'),
	(3524, 5, 'BALADEWA', 'dude', 27, '2023-12-21', '22'),
	(3525, 1.5, 'BALADEWA', 'dude', 28, '2023-12-21', '22'),
	(3526, 2.5, 'BALADEWA', 'dude', 29, '2023-12-21', '22'),
	(3527, 3.33, 'BALADEWA', 'dude', 30, '2023-12-21', '22'),
	(3528, 3.33, 'BALADEWA', 'dude', 31, '2023-12-21', '22'),
	(3529, 1, 'BALADEWA', 'dude', 32, '2023-12-21', '22'),
	(3530, 3.6, 'BALADEWA', 'dude', 33, '2023-12-21', '22'),
	(3531, 0.3, 'BALADEWA', 'dude', 34, '2023-12-21', '22'),
	(3532, 0.75, 'BALADEWA', 'dude', 35, '2023-12-21', '22'),
	(3533, 0.3, 'BALADEWA', 'dude', 36, '2023-12-21', '22'),
	(3534, 0.5, 'BALADEWA', 'dude', 37, '2023-12-21', '22'),
	(3535, 0.3, 'BALADEWA', 'dude', 38, '2023-12-21', '22'),
	(3536, 1.5, 'BALADEWA', 'dude', 39, '2023-12-21', '22'),
	(3537, 0.75, 'BALADEWA', 'dude', 40, '2023-12-21', '22'),
	(3538, 1, 'BALADEWA', 'dude', 41, '2023-12-21', '22'),
	(3539, 1, 'SUGOI', 'dude', 1, '2023-12-21', '22'),
	(3540, 1, 'SUGOI', 'dude', 2, '2023-12-21', '22'),
	(3541, 0.3, 'SUGOI', 'dude', 3, '2023-12-21', '22'),
	(3542, 0.75, 'SUGOI', 'dude', 4, '2023-12-21', '22'),
	(3543, 0.5, 'SUGOI', 'dude', 5, '2023-12-21', '22'),
	(3544, 1, 'SUGOI', 'dude', 6, '2023-12-21', '22'),
	(3545, 0.75, 'SUGOI', 'dude', 7, '2023-12-21', '22'),
	(3546, 0.75, 'SUGOI', 'dude', 8, '2023-12-21', '22'),
	(3547, 0.75, 'SUGOI', 'dude', 9, '2023-12-21', '22'),
	(3548, 0.75, 'SUGOI', 'dude', 10, '2023-12-21', '22'),
	(3549, 0.3, 'SUGOI', 'dude', 11, '2023-12-21', '22'),
	(3550, 1.5, 'SUGOI', 'dude', 12, '2023-12-21', '22'),
	(3551, 2, 'SUGOI', 'dude', 13, '2023-12-21', '22'),
	(3552, 2, 'SUGOI', 'dude', 14, '2023-12-21', '22'),
	(3553, 0.75, 'SUGOI', 'dude', 15, '2023-12-21', '22'),
	(3554, 0.5, 'SUGOI', 'dude', 16, '2023-12-21', '22'),
	(3555, 0.75, 'SUGOI', 'dude', 17, '2023-12-21', '22'),
	(3556, 0.75, 'SUGOI', 'dude', 18, '2023-12-21', '22'),
	(3557, 0.6, 'SUGOI', 'dude', 19, '2023-12-21', '22'),
	(3558, 1, 'SUGOI', 'dude', 20, '2023-12-21', '22'),
	(3559, 1, 'SUGOI', 'dude', 21, '2023-12-21', '22'),
	(3560, 0.5, 'SUGOI', 'dude', 22, '2023-12-21', '22'),
	(3561, 1, 'SUGOI', 'dude', 23, '2023-12-21', '22'),
	(3562, 2, 'SUGOI', 'dude', 24, '2023-12-21', '22'),
	(3563, 5, 'SUGOI', 'dude', 25, '2023-12-21', '22'),
	(3564, 5, 'SUGOI', 'dude', 26, '2023-12-21', '22'),
	(3565, 10, 'SUGOI', 'dude', 27, '2023-12-21', '22'),
	(3566, 5, 'SUGOI', 'dude', 28, '2023-12-21', '22'),
	(3567, 1.5, 'SUGOI', 'dude', 29, '2023-12-21', '22'),
	(3568, 1.67, 'SUGOI', 'dude', 30, '2023-12-21', '22'),
	(3569, 1.67, 'SUGOI', 'dude', 31, '2023-12-21', '22'),
	(3570, 1, 'SUGOI', 'dude', 32, '2023-12-21', '22'),
	(3571, 7.5, 'SUGOI', 'dude', 33, '2023-12-21', '22'),
	(3572, 1, 'SUGOI', 'dude', 34, '2023-12-21', '22'),
	(3573, 0.75, 'SUGOI', 'dude', 35, '2023-12-21', '22'),
	(3574, 0.5, 'SUGOI', 'dude', 36, '2023-12-21', '22'),
	(3575, 0.3, 'SUGOI', 'dude', 37, '2023-12-21', '22'),
	(3576, 0.5, 'SUGOI', 'dude', 38, '2023-12-21', '22'),
	(3577, 1.13, 'SUGOI', 'dude', 39, '2023-12-21', '22'),
	(3578, 0.75, 'SUGOI', 'dude', 40, '2023-12-21', '22'),
	(3579, 1.5, 'SUGOI', 'dude', 41, '2023-12-21', '22');

-- Dumping structure for table db_logistic.points_presentasi
CREATE TABLE IF NOT EXISTS `points_presentasi` (
  `id` int NOT NULL AUTO_INCREMENT,
  `max_value` double NOT NULL DEFAULT (0),
  `text` varchar(1000) CHARACTER SET utf8mb4 COLLATE utf8mb4_general_ci DEFAULT NULL,
  `items_id` int DEFAULT NULL,
  PRIMARY KEY (`id`),
  KEY `FKaptxy5d0fnlbtyq8owo00vxy1` (`items_id`),
  CONSTRAINT `FKaptxy5d0fnlbtyq8owo00vxy1` FOREIGN KEY (`items_id`) REFERENCES `items_presentasi` (`id`)
) ENGINE=InnoDB AUTO_INCREMENT=34 DEFAULT CHARSET=utf8mb4 COLLATE=utf8mb4_general_ci;

-- Dumping data for table db_logistic.points_presentasi: ~24 rows (approximately)
DELETE FROM `points_presentasi`;
INSERT INTO `points_presentasi` (`id`, `max_value`, `text`, `items_id`) VALUES
	(1, 5, 'Tidak berhubungan dengan tujuan (strategi) perusahaan dan tidak terlihat urgensi atau  tingkat kepentingan permasalahan (bukan sebagai KPI yang paling critical untuk diperbaiki, tidak menjadi temuan audit, tidak terdapat dalam risk register, bukan merupakan complaint atau voice of customer)', 1),
	(2, 10, 'Permasalahan merupakan sesuatu yang urgen untuk diperbaiki, namun tidak terlihat kepentingannya dari perspektif organisasi atau perusahaan (bukan merupakan bagian dari strategi, bukan sebagai KPI yang paling critical untuk diperbaiki, tidak menjadi temuan audit, tidak terdapat dalam risk register, bukan merupakan complaint atau voice of customer)', 1),
	(3, 15, 'Permasalahan merupakan sesuatu yang urgent untuk diperbaiki, dan penting  untuk segera diperbaiki dari perspektif organisasi atau perusahaan  (salah satu atau lebih dari : bagian dari strategi, KPI yang paling critical untuk diperbaiki, temuan audit,  terdapat dalam risk register,  merupakan complaint atau voice of customer)', 1),
	(4, 20, 'Permasalahan merupakan sesuatu terkait dengan strategi dan urgent untuk diperbaiki (dan (merupakan KPI yang paling critical untuk diperbaiki, temuan audit,  terdapat dalam risk register,  merupakan complaint atau voice of customer)', 1),
	(5, 5, 'Setiap akar penyebab hanya tersedia satu solusi tanpa adanya pertimbangan / penjelasan dari aspek manfaat atau efektifiastnya, biaya yang dibutuhkan dan aspek teknis lainnya, serta terdapat timeline due date implementasi yang jelas dan PIC pelaksananya (5W2H+1T - What, How, Why, When, Where, Who, How Much+Target)', 2),
	(6, 10, 'Setiap akar penyebab hanya tersedia satu solusi, dilakukan analisa, namun analisa untuk memilih solusi tidak dilakukan dengan baik atau hanya memperhitungkan sebagian dari  aspek manfaat atau efektifitastnya, biaya yang dibutuhkan dan aspek teknis lainnya, serta terdapat timeline  due date implementasi yang jelas dan PIC pelaksananya (5W2H1T - What, How, Why, When, Where, Who, How Much+ Target)', 2),
	(7, 15, 'Ter identifikasi proses penentuan  masalah-masalah pada analisa kondisi yang ada (anakonda) dan dilakukan dengan baik,spesifik ke masalahnya serta komprehensif (tidak ada yang tertinggal tidak dianalisa, mencakup semua aspek 4M1E-Man,Machine, Method, Material, Environment),dan analisa sebab akibat (why-why) runut sehingga akar penyebab dapat diidentifikasi,dibuktikan,dijelaskan,akar penyebab yang mana yang memberi kontribusi terbesar terhadap permasalahan.dan memilih solusi yang dipilih tidak dilakukan dengan baik atau hanya memperhitungkan sebagian dari  aspek manfaat atau efektifitasnya, biaya yang dibutuhkan dan aspek teknis lainnya, serta terdapat timeline  due date implementasi yang jelas dan PIC pelaksananya (5W2H+1T - What, How, Why, When, Where, Who, How Much + Target)', 2),
	(8, 20, 'Ter identifikasi proses penentuan  masalah-masalah pada analisa kondisi yang ada (anakonda) dan dilakukan dengan baik,spesifik ke masalahnya serta komprehensif (tidak ada yang tertinggal tidak dianalisa, mencakup semua aspek 4M1E-Man,Machine, Method, Material, Environment),dan analisa sebab akibat (why-why) runut sehingga akar penyebab dapat diidentifikasi,dibuktikan,dijelaskan,akar penyebab yang mana yang memberi kontribusi terbesar terhadap permasalahan.dan adanya opsi opsi/solusi-solusi  perbaikan yang akan dilakukan pada setiap akar penyebab serta memilih solusi yang dipilih dilakukan dengan baik  dari  aspek teknis, manfaat , efektifitas,biaya yang dibutuhkan , serta terdapat timeline  due date implementasi yang jelas dan PIC pelaksananya (5W2H+1T - What, How, Why, When, Where, Who, How Much + Target)', 2),
	(9, 2.5, 'Tidak ada standarisasi (IKL,SOP,No drawing,dll..) yang dibuat', 3),
	(10, 5, 'Terdapat standarisasi (IKL,SOP,No drawing,dll..) dari beberapa perbaikan yang dilakukan ', 3),
	(11, 7.5, 'Terdapat standarisasi (IKL,SOP,No drawing,dll..) dari semua perbaikan yang dilakukan', 3),
	(12, 10, 'Terdapat standarisasi (IKL,SOP,No drawing,dll..) dari semua perbaikan yang dilakukan dan adanya bukti sosialisasi', 3),
	(13, 4.5, 'inti dari improvement tidak tersampaikan  (bahasa yang dipakai sulit untuk dipahami)', 4),
	(14, 9, 'Inti dari improvement tersampaikan (bahasa yang dipakai mudah untuk dipahami)', 4),
	(15, 13.5, 'Inti dari improvement tersampaikan dengan langkah langkah yang benar', 4),
	(16, 18, 'Inti dari improvement tersampaikan dengan langkah langkah yang benar \r\n    dengan Menggunakan Video / Animasi / peraga yang tepat \r\n    dan memperjelas kasus yang dihadapi', 4),
	(17, 5, 'Tidak mendukung  dengan materi/topik', 5),
	(18, 10, 'Kurang mendukung  dalam penyampaian materi/topik', 5),
	(19, 15, 'Saling mengisi dan membantu dalam penyampaian materi / topik  dan membantu ', 5),
	(20, 5, 'Pembagian peran hanya juru bicara yang mendominasi presentasi', 6),
	(21, 10, 'semua anggota berperan dan proaktif ', 6),
	(22, 2.3, '< 9:30 - > 10:30', 7),
	(23, 4.7, '9:30 - 10:30', 7),
	(24, 7, '9:50 - 10:10', 7);

-- Dumping structure for table db_logistic.point_yelyel
CREATE TABLE IF NOT EXISTS `point_yelyel` (
  `point_id` int NOT NULL AUTO_INCREMENT,
  `subscriteria_name` varchar(255) CHARACTER SET utf8mb4 COLLATE utf8mb4_general_ci DEFAULT NULL,
  `point` double DEFAULT NULL,
  `team_name` varchar(255) CHARACTER SET utf8mb4 COLLATE utf8mb4_general_ci DEFAULT NULL,
  `username` varchar(255) CHARACTER SET utf8mb4 COLLATE utf8mb4_general_ci DEFAULT NULL,
  `created_at` date DEFAULT NULL,
  `nip` varchar(255) COLLATE utf8mb4_general_ci DEFAULT NULL,
  `max_point` double DEFAULT NULL,
  PRIMARY KEY (`point_id`)
) ENGINE=InnoDB AUTO_INCREMENT=1583 DEFAULT CHARSET=utf8mb4 COLLATE=utf8mb4_general_ci;

-- Dumping data for table db_logistic.point_yelyel: ~65 rows (approximately)
DELETE FROM `point_yelyel`;
INSERT INTO `point_yelyel` (`point_id`, `subscriteria_name`, `point`, `team_name`, `username`, `created_at`, `nip`, `max_point`) VALUES
	(1517, 'Vokal/Nada', 4, 'APW', 'wiz', '2023-12-19', '10', 10),
	(1518, 'Semangat team ', 15, 'APW', 'wiz', '2023-12-19', '10', 15),
	(1519, 'Kelancaran', 0, 'APW', 'wiz', '2023-12-19', '10', 5),
	(1520, 'Profesionalitas', 1, 'APW', 'wiz', '2023-12-19', '10', 5),
	(1521, 'Memiliki makna dan berhubungan dengan QCC ', 1, 'APW', 'wiz', '2023-12-19', '10', 10),
	(1522, 'Alur /susunan', 1, 'APW', 'wiz', '2023-12-19', '10', 5),
	(1523, 'Originalitas/Unik', 1, 'APW', 'wiz', '2023-12-19', '10', 10),
	(1524, 'Kata kata yang sopan', 1, 'APW', 'wiz', '2023-12-19', '10', 4),
	(1525, 'Memberi semangat kegembiraan', 1, 'APW', 'wiz', '2023-12-19', '10', 6),
	(1526, 'Dinamis/tidak monoton', 10, 'APW', 'wiz', '2023-12-19', '10', 10),
	(1527, 'Gaya tidak berlebihan', 1, 'APW', 'wiz', '2023-12-19', '10', 5),
	(1528, 'Kesesuaian makna', 1, 'APW', 'wiz', '2023-12-19', '10', 5),
	(1529, 'Waktu untuk yel- yel 3 menit', 10, 'APW', 'wiz', '2023-12-19', '10', 10),
	(1530, 'Vokal/Nada', 1, 'BPW', 'wiz', '2023-12-19', '10', 10),
	(1531, 'Semangat team ', 1, 'BPW', 'wiz', '2023-12-19', '10', 15),
	(1532, 'Kelancaran', 0, 'BPW', 'wiz', '2023-12-19', '10', 5),
	(1533, 'Profesionalitas', 5, 'BPW', 'wiz', '2023-12-19', '10', 5),
	(1534, 'Memiliki makna dan berhubungan dengan QCC ', 2, 'BPW', 'wiz', '2023-12-19', '10', 10),
	(1535, 'Alur /susunan', 2, 'BPW', 'wiz', '2023-12-19', '10', 5),
	(1536, 'Originalitas/Unik', 2, 'BPW', 'wiz', '2023-12-19', '10', 10),
	(1537, 'Kata kata yang sopan', 2, 'BPW', 'wiz', '2023-12-19', '10', 4),
	(1538, 'Memberi semangat kegembiraan', 2, 'BPW', 'wiz', '2023-12-19', '10', 6),
	(1539, 'Dinamis/tidak monoton', 2, 'BPW', 'wiz', '2023-12-19', '10', 10),
	(1540, 'Gaya tidak berlebihan', 2, 'BPW', 'wiz', '2023-12-19', '10', 5),
	(1541, 'Kesesuaian makna', 2, 'BPW', 'wiz', '2023-12-19', '10', 5),
	(1542, 'Waktu untuk yel- yel 3 menit', 2, 'BPW', 'wiz', '2023-12-19', '10', 10),
	(1543, 'Vokal/Nada', 10, 'DPW', 'wiz', '2023-12-19', '10', 10),
	(1544, 'Semangat team ', 1, 'DPW', 'wiz', '2023-12-19', '10', 15),
	(1545, 'Kelancaran', 1, 'DPW', 'wiz', '2023-12-19', '10', 5),
	(1546, 'Profesionalitas', 1, 'DPW', 'wiz', '2023-12-19', '10', 5),
	(1547, 'Memiliki makna dan berhubungan dengan QCC ', 1, 'DPW', 'wiz', '2023-12-19', '10', 10),
	(1548, 'Alur /susunan', 1, 'DPW', 'wiz', '2023-12-19', '10', 5),
	(1549, 'Originalitas/Unik', 1, 'DPW', 'wiz', '2023-12-19', '10', 10),
	(1550, 'Kata kata yang sopan', 1, 'DPW', 'wiz', '2023-12-19', '10', 4),
	(1551, 'Memberi semangat kegembiraan', 1, 'DPW', 'wiz', '2023-12-19', '10', 6),
	(1552, 'Dinamis/tidak monoton', 1, 'DPW', 'wiz', '2023-12-19', '10', 10),
	(1553, 'Gaya tidak berlebihan', 1, 'DPW', 'wiz', '2023-12-19', '10', 5),
	(1554, 'Kesesuaian makna', 1, 'DPW', 'wiz', '2023-12-19', '10', 5),
	(1555, 'Waktu untuk yel- yel 3 menit', 1, 'DPW', 'wiz', '2023-12-19', '10', 10),
	(1556, 'Vokal/Nada', 2, 'APW', 'dude', '2023-12-19', '11', 10),
	(1557, 'Semangat team ', 2, 'APW', 'dude', '2023-12-19', '11', 15),
	(1558, 'Kelancaran', 2, 'APW', 'dude', '2023-12-19', '11', 5),
	(1559, 'Profesionalitas', 2, 'APW', 'dude', '2023-12-19', '11', 5),
	(1560, 'Memiliki makna dan berhubungan dengan QCC ', 2, 'APW', 'dude', '2023-12-19', '11', 10),
	(1561, 'Alur /susunan', 2, 'APW', 'dude', '2023-12-19', '11', 5),
	(1562, 'Originalitas/Unik', 2, 'APW', 'dude', '2023-12-19', '11', 10),
	(1563, 'Kata kata yang sopan', 2, 'APW', 'dude', '2023-12-19', '11', 4),
	(1564, 'Memberi semangat kegembiraan', 2, 'APW', 'dude', '2023-12-19', '11', 6),
	(1565, 'Dinamis/tidak monoton', 2, 'APW', 'dude', '2023-12-19', '11', 10),
	(1566, 'Gaya tidak berlebihan', 2, 'APW', 'dude', '2023-12-19', '11', 5),
	(1567, 'Kesesuaian makna', 2, 'APW', 'dude', '2023-12-19', '11', 5),
	(1568, 'Waktu untuk yel- yel 3 menit', 2, 'APW', 'dude', '2023-12-19', '11', 10),
	(1569, 'Vokal/Nada', 3, 'JMW', 'dude', '2023-12-19', '11', 10),
	(1570, 'Semangat team ', 3, 'JMW', 'dude', '2023-12-19', '11', 15),
	(1571, 'Kelancaran', 3, 'JMW', 'dude', '2023-12-19', '11', 5),
	(1572, 'Profesionalitas', 3, 'JMW', 'dude', '2023-12-19', '11', 5),
	(1573, 'Memiliki makna dan berhubungan dengan QCC ', 3, 'JMW', 'dude', '2023-12-19', '11', 10),
	(1574, 'Alur /susunan', 3, 'JMW', 'dude', '2023-12-19', '11', 5),
	(1575, 'Originalitas/Unik', 3, 'JMW', 'dude', '2023-12-19', '11', 10),
	(1576, 'Kata kata yang sopan', 3, 'JMW', 'dude', '2023-12-19', '11', 4),
	(1577, 'Memberi semangat kegembiraan', 3, 'JMW', 'dude', '2023-12-19', '11', 6),
	(1578, 'Dinamis/tidak monoton', 3, 'JMW', 'dude', '2023-12-19', '11', 10),
	(1579, 'Gaya tidak berlebihan', 3, 'JMW', 'dude', '2023-12-19', '11', 5),
	(1580, 'Kesesuaian makna', 3, 'JMW', 'dude', '2023-12-19', '11', 5),
	(1581, 'Waktu untuk yel- yel 3 menit', 3, 'JMW', 'dude', '2023-12-19', '11', 10);

-- Dumping structure for table db_logistic.questions
CREATE TABLE IF NOT EXISTS `questions` (
  `id` bigint NOT NULL AUTO_INCREMENT,
  `question_text` varchar(500) CHARACTER SET utf8mb4 COLLATE utf8mb4_general_ci DEFAULT NULL,
  `subskriteria_id` bigint DEFAULT NULL,
  PRIMARY KEY (`id`),
  KEY `FKhgr1ro6js8yts94qgt2nsm6bn` (`subskriteria_id`),
  CONSTRAINT `FKhgr1ro6js8yts94qgt2nsm6bn` FOREIGN KEY (`subskriteria_id`) REFERENCES `subskriteria` (`id`)
) ENGINE=InnoDB AUTO_INCREMENT=42 DEFAULT CHARSET=utf8mb4 COLLATE=utf8mb4_general_ci;

-- Dumping data for table db_logistic.questions: ~41 rows (approximately)
DELETE FROM `questions`;
INSERT INTO `questions` (`id`, `question_text`, `subskriteria_id`) VALUES
	(1, 'Melakukan identifikasi dan membuat stratifikasi masalah (problem/persoalan)', 1),
	(2, 'Memilih project improvement/inovasi berdasarkan data & fakta melalui penggunaan quality methode dan tools secara maksimal (baik dan benar)', 1),
	(3, 'Menjelaskan alasan kenapa proyek perbaikan tersebut dipilih', 1),
	(4, 'Menjelaskan proyek perbaikan (improvement/inovasi) yang terseleksi mempunyai potensi pengaruh positif terhadap tujuan (strategi) perusahaan', 2),
	(5, 'Teridentifikasi tingkat kesulitan (kompleksitas) masalah / pelaksanaan perbaikan dari proyek yang terseleksi', 2),
	(6, 'Tercermin harapan Customer dan/atau Stakeholders terhadap proyek perbaikan (improvement/inovasi) yang akan dilaksanakan', 2),
	(7, 'Mengidentifikasi Stakeholders yang bisa involve (terlibat) maupun yang dapat memberikan support dalam proyek perbaikan (improvement/inovasi)', 3),
	(8, 'Mengidentifikasi Stakeholders yang resisten (menghambat), sehingga menjadikan tantangan terhadap proyek perbaikan (improvement/inovasi)', 3),
	(9, 'Menjelaskan bagaimana mereka (stakeholders) akan bisa memberikan dampak positif terhadap proyek perbaikan (Improvement/inovasi)', 3),
	(10, 'Target (sasaran) yang ditetapkan mencakup QCDSMP', 4),
	(11, 'Penetapan sasaran jangka pendek, dan sasaran tersebut menjadi bagian dari tujuan perbaikan', 4),
	(12, 'Target (sasaran) jelas dan menantang', 5),
	(13, 'Prediksi manfaat dan masalah potensial', 6),
	(14, 'Verifikasi stakeholders yang terkait dengan proyek perbaikan', 7),
	(15, 'Akar masalah teridentifikasi dengan jelas dan dapat dibuktikan', 8),
	(16, 'Munculnya akar penyebab dari akar masalah pada suatu faktor yang telah dikembangkan', 8),
	(17, 'Identifikasi dan validasi (memiliki akurasi penentuan) faktor penyebab dominan (akar penyebab masalah utama)', 8),
	(18, 'Kesesuaian masalah dengan prioritas penanganan faktor penyebab dominan', 8),
	(19, 'Aktualisasi dan keterlibatan team & stakeholders dalam mengembangkan pola hubungan sebab akibat', 9),
	(20, 'Menjelaskan metode dan quality tools yang digunakan untuk mencari dan memilih ide perbaikan serta menentukan penanggulangan', 10),
	(21, 'Menjelaskan kreatifitas team & stakeholders dalam menemukan alternatif solusi (improvement actions) dan parameter kelebihan serta analisa resiko (kekurangannya)', 10),
	(22, 'Menjelaskan keterlibatan team & stakeholders dalam menemukan alternatif solusi (improvement actions) dan parameter kelebihan serta analisa resiko (kekurangannya)', 10),
	(23, 'Menjelaskan tentang final solutions/improvement actions, validasi dan benefit/kemampuan dalam menjawab kebutuhan yang diharapkan terhadap inovasi/improvement actions yang akan dilakukan', 11),
	(24, 'Menguraikan detail rencana project (5W2H), termasuk distribusi peranan dan keterlibatan stakeholders dalam melakukan perbaikan', 11),
	(25, 'Memiliki sistem pantau (monitoring) atas proses pelaksanaan tindakan perbaikan yang dilakukan', 12),
	(26, 'Menjelaskan bagaimana mengidentifikasikan serta mengalokasikan hambatan-hambatan (baik yang nyata atau potensial) yang muncul, serta memastikan keterlibatan team & stakeholders untuk meyepakati (buy-in) atas corrective action yang telah ditentukan serta dampaknya', 12),
	(27, 'Semua anggota Tim memahami perubahan-perubahan yang terjadi di dalam improvement yang dibuat terhadap kondisi sebelumnya (kondisi awal)', 13),
	(28, 'Ada analisis komparasi yg valid & tepat serta kesimpulan analisis/faktor penyebab yg belum teratasi', 14),
	(29, 'Tools yang dipakai, alasan penggunaan & hasilnya', 14),
	(30, 'Manfaat tangible & intangible', 15),
	(31, 'Ada hasil-hasil positif lain yang timbul, tapi bukan sasaran penanggulangan/perbaikan yang telah dilaksanakan', 15),
	(32, 'Ada analisis dampak terhadap hasil-hasil lain (apakah hasil perbaikan menimbulkan efek samping?) Bila ada, bagaimana tindakan untuk eliminasi hal tersebut? Hasilnya efisien?', 15),
	(33, 'Proyek perbaikan memberikan kontribusi/ dampak nyata terhadap tujuan perusahaan/plant/divisi/departement  dan stakeholders', 16),
	(34, 'Pendekatan sistem atas standar baru meliputi standar masukan, proses dan hasil. Dan standar baru tersebut mudah dipahami (informatif)', 17),
	(35, 'Kualitas standar pengendalian dan pencegahan terhadap timbulnya masalah (lama atau baru)', 17),
	(36, 'Standar baru lebih efektif dan aplikatif dari pada sebelumnya', 17),
	(37, 'Standar baru telah dikomunikasikan, sudah diserah terimakan dan dapat diterapkan di tempat lain', 17),
	(38, 'Bila terjadi non-conformance (ada peringatan otomatis/tidak otomatis/tidak ada peringatan)', 17),
	(39, 'Memiliki kegiatan/tahapan/aktifitas yang menjamin pelaksanaan standar baru secara efektif', 18),
	(40, 'Memiliki cara melakukan monitoring dan mengevaluasi standar baru', 18),
	(41, 'Identifikasi & Penetapan Rencana Berikutnya', 19);

-- Dumping structure for table db_logistic.questions_lapangan
CREATE TABLE IF NOT EXISTS `questions_lapangan` (
  `question_id` int NOT NULL AUTO_INCREMENT,
  `question_text` varchar(300) CHARACTER SET utf8mb4 COLLATE utf8mb4_general_ci DEFAULT NULL,
  `subcriteria_id` int DEFAULT NULL,
  PRIMARY KEY (`question_id`),
  KEY `FKer5fscwrkeb64njtwe1y8xjvp` (`subcriteria_id`),
  CONSTRAINT `FKer5fscwrkeb64njtwe1y8xjvp` FOREIGN KEY (`subcriteria_id`) REFERENCES `subcriteria_lapangan` (`subcriteria_id`)
) ENGINE=InnoDB AUTO_INCREMENT=42 DEFAULT CHARSET=utf8mb4 COLLATE=utf8mb4_general_ci;

-- Dumping data for table db_logistic.questions_lapangan: ~41 rows (approximately)
DELETE FROM `questions_lapangan`;
INSERT INTO `questions_lapangan` (`question_id`, `question_text`, `subcriteria_id`) VALUES
	(1, '\r\n\r\n\r\nMelakukan identifikasi dan membuat stratifikasi masalah (problem/persoalan)\r\n', 1),
	(2, 'Memilih project improvement/inovasi berdasarkan data & fakta melalui penggunaan quality methode dan tools secara maksimal (baik dan benar)\r\n', 1),
	(3, 'Menjelaskan alasan kenapa proyek perbaikan tersebut dipilih\r\n', 1),
	(4, 'Menjelaskan proyek perbaikan (improvement/inovasi) yang terseleksi mempunyai potensi pengaruh positif terhadap tujuan (strategi) perusahaan\r\n\r\n', 2),
	(5, 'Teridentifikasi tingkat kesulitan (kompleksitas) masalah / pelaksanaan perbaikan dari proyek yang terseleksi\r\n\r\n', 2),
	(6, 'Tercermin harapan Customer dan/atau Stakeholders terhadap proyek perbaikan (improvement/inovasi) yang akan dilaksanakan\r\n\r\n', 2),
	(7, 'Mengidentifikasi Stakeholders yang bisa involve (terlibat) maupun yang dapat memberikan support dalam proyek perbaikan (improvement/inovasi)\r\n', 3),
	(8, 'Mengidentifikasi Stakeholders yang resisten (menghambat), sehingga menjadikan tantangan terhadap proyek perbaikan (improvement/inovasi) \r\n', 3),
	(9, 'Menjelaskan bagaimana mereka (stakeholders) akan bisa memberikan dampak positif terhadap proyek perbaikan (Improvement/inovasi)\r\n', 3),
	(10, 'Target (sasaran) yang ditetapkan mencakup QCDSMP\r\n', 4),
	(11, 'Penetapan sasaran jangka pendek, dan sasaran tersebut menjadi bagian dari tujuan perbaikan\r\n', 4),
	(12, 'Target (sasaran) jelas dan menantang\r\n\r\n', 5),
	(13, 'Prediksi manfaat dan masalah potensial\r\n\r\n', 6),
	(14, 'Verifikasi stakeholders yang terkait dengan proyek perbaikan\r\n\r\n', 7),
	(15, 'Akar masalah teridentifikasi dengan jelas dan dapat dibuktikan', 8),
	(16, 'Munculnya akar penyebab dari akar masalah pada suatu faktor yang telah dikembangkan\r\n', 8),
	(17, 'Identifikasi dan validasi (memiliki akurasi penentuan) faktor penyebab dominan (akar penyebab masalah utama)\r\n', 8),
	(18, 'Kesesuaian masalah dengan prioritas penanganan faktor penyebab dominan\r\n', 8),
	(19, 'Aktualisasi dan keterlibatan team & stakeholders dalam mengembangkan pola hubungan sebab akibat\r\n', 9),
	(20, 'Menjelaskan metode dan quality tools yang digunakan untuk mencari dan memilih ide perbaikan serta menentukan penanggulangan\r\n', 10),
	(21, 'Menjelaskan kreatifitas team & stakeholders dalam menemukan alternatif solusi (improvement actions) dan parameter kelebihan serta analisa resiko (kekurangannya)\r\n', 10),
	(22, 'Menjelaskan keterlibatan team & stakeholders dalam menemukan alternatif solusi (improvement actions) dan parameter kelebihan serta analisa resiko (kekurangannya)\r\n', 10),
	(23, 'Menjelaskan tentang final solutions/improvement actions, validasi dan benefit/kemampuan dalam menjawab kebutuhan yang diharapkan terhadap inovasi/improvement actions yang akan dilakukan\r\n', 11),
	(24, 'Menguraikan detail rencana project (5W2H), termasuk distribusi peranan dan keterlibatan stakeholders dalam melakukan perbaikan \r\n', 11),
	(25, 'Memiliki sistem pantau (monitoring) atas proses pelaksanaan tindakan perbaikan yang dilakukan\r\n', 12),
	(26, 'Menjelaskan bagaimana mengidentifikasikan serta mengalokasikan hambatan-hambatan (baik yang nyata atau potensial) yang muncul, serta memastikan keterlibatan team & stakeholders untuk meyepakati (buy-in) atas corrective action yang telah ditentukan serta dampaknya\r\n', 12),
	(27, 'Semua anggota Tim memahami perubahan-perubahan yang terjadi di dalam improvement yang dibuat terhadap kondisi sebelumnya (kondisi awal)\r\n', 13),
	(28, 'Ada analisis komparasi yg valid & tepat serta kesimpulan analisis/faktor penyebab yg belum teratasi\r\n', 14),
	(29, 'Tools yang dipakai, alasan penggunaan & hasilnya\r\n', 14),
	(30, 'Manfaat tangible & intangible\r\n', 15),
	(31, 'Ada hasil-hasil positif lain yang timbul, tapi bukan sasaran penanggulangan/perbaikan yang telah dilaksanakan\r\n', 15),
	(32, 'Ada analisis dampak terhadap hasil-hasil lain (apakah hasil perbaikan menimbulkan efek samping?) Bila ada, bagaimana tindakan untuk eliminasi hal tersebut? Hasilnya efisien?\r\n', 15),
	(33, 'Proyek perbaikan memberikan kontribusi/ dampak nyata terhadap tujuan perusahaan/plant/divisi/departement  dan stakeholders\r\n', 16),
	(34, 'Pendekatan sistem atas standar baru\r\nmeliputi standar masukan, proses dan hasil. Dan standar baru tersebut mudah dipahami (informatif)\r\n', 17),
	(35, 'Kualitas standar pengendalian dan pencegahan terhadap timbulnya masalah (lama atau baru)\r\n', 17),
	(36, 'Standar baru lebih efektif dan aplikatif dari pada sebelumnya\r\n', 17),
	(37, 'Standar baru telah dikomunikasikan, sudah diserah terimakan dan dapat diterapkan di tempat lain\r\n', 17),
	(38, 'Bila terjadi non-conformance (ada peringatan otomatis/tidak otomatis/tidak ada peringatan)\r\n', 17),
	(39, 'Memiliki kegiatan/tahapan/aktifitas yang menjamin pelaksanaan standar baru secara efektif', 18),
	(40, 'Memiliki cara melakukan monitoring dan mengevaluasi standar baru\r\n', 18),
	(41, 'Identifikasi & Penetapan Rencana Berikutnya \r\n', 19);

-- Dumping structure for table db_logistic.questions_options
CREATE TABLE IF NOT EXISTS `questions_options` (
  `questions_id` bigint NOT NULL,
  `options` varchar(255) COLLATE utf8mb4_general_ci DEFAULT NULL,
  KEY `FKdnp6yxw78g69gnjwcat89vo2n` (`questions_id`),
  CONSTRAINT `FKdnp6yxw78g69gnjwcat89vo2n` FOREIGN KEY (`questions_id`) REFERENCES `questions` (`id`)
) ENGINE=InnoDB DEFAULT CHARSET=utf8mb4 COLLATE=utf8mb4_general_ci;

-- Dumping data for table db_logistic.questions_options: ~164 rows (approximately)
DELETE FROM `questions_options`;
INSERT INTO `questions_options` (`questions_id`, `options`) VALUES
	(1, '1'),
	(1, '0,75'),
	(1, '0,5'),
	(1, '0,3'),
	(2, '1'),
	(2, '0,75'),
	(2, '0,5'),
	(2, '0,3'),
	(3, '1'),
	(3, '0,75'),
	(3, '0,5'),
	(3, '0,3'),
	(4, '1'),
	(4, '0,75'),
	(4, '0,5'),
	(4, '0,3'),
	(5, '1'),
	(5, '0,75'),
	(5, '0,5'),
	(5, '0,3'),
	(6, '1'),
	(6, '0,75'),
	(6, '0,5'),
	(6, '0,3'),
	(7, '1'),
	(7, '0,75'),
	(7, '0,5'),
	(7, '0,3'),
	(8, '0,75'),
	(8, '0,56'),
	(8, '0,38'),
	(8, '0,23'),
	(9, '1'),
	(9, '0,75'),
	(9, '0,5'),
	(9, '0,3'),
	(10, '1'),
	(10, '0,75'),
	(10, '0,5'),
	(10, '0,3'),
	(11, '1'),
	(11, '0,75'),
	(11, '0,5'),
	(11, '0,3'),
	(12, '2'),
	(12, '1,5'),
	(12, '1'),
	(12, '0,6'),
	(13, '2'),
	(13, '1,5'),
	(13, '1'),
	(13, '0,6'),
	(14, '2'),
	(14, '1,5'),
	(14, '1'),
	(14, '0,6'),
	(15, '1'),
	(15, '0,75'),
	(15, '0,5'),
	(15, '0,3'),
	(16, '1'),
	(16, '0,75'),
	(16, '0,5'),
	(16, '0,3'),
	(17, '1'),
	(17, '0,75'),
	(17, '0,5'),
	(17, '0,3'),
	(18, '1'),
	(18, '0,75'),
	(18, '0,5'),
	(18, '0,3'),
	(19, '2'),
	(19, '1,5'),
	(19, '1'),
	(19, '0,6'),
	(20, '1'),
	(20, '0,75'),
	(20, '0,5'),
	(20, '0,3'),
	(21, '1'),
	(21, '0,75'),
	(21, '0,5'),
	(21, '0,3'),
	(22, '1'),
	(22, '0,75'),
	(22, '0,5'),
	(22, '0,3'),
	(23, '2'),
	(23, '1,5'),
	(23, '1'),
	(23, '0,6'),
	(24, '2'),
	(24, '1,5'),
	(24, '1'),
	(24, '0,6'),
	(25, '10'),
	(25, '7,5'),
	(25, '5'),
	(25, '3,6'),
	(26, '10'),
	(26, '7,5'),
	(26, '5'),
	(26, '3,6'),
	(27, '10'),
	(27, '7,5'),
	(27, '5'),
	(27, '3,6'),
	(28, '5'),
	(28, '3,75'),
	(28, '2,5'),
	(28, '1,5'),
	(29, '5'),
	(29, '3,75'),
	(29, '2,5'),
	(29, '1,5'),
	(30, '3,33'),
	(30, '3,75'),
	(30, '1,67'),
	(30, '1'),
	(31, '3,33'),
	(31, '3,75'),
	(31, '1,67'),
	(31, '1'),
	(32, '3,33'),
	(32, '3,75'),
	(32, '1,67'),
	(32, '1'),
	(33, '10'),
	(33, '7,5'),
	(33, '5'),
	(33, '3,6'),
	(34, '1'),
	(34, '0,75'),
	(34, '0,5'),
	(34, '0,3'),
	(35, '1'),
	(35, '0,75'),
	(35, '0,5'),
	(35, '0,3'),
	(36, '1'),
	(36, '0,75'),
	(36, '0,5'),
	(36, '0,3'),
	(37, '1'),
	(37, '0,75'),
	(37, '0,5'),
	(37, '0,3'),
	(38, '1'),
	(38, '0,75'),
	(38, '0,5'),
	(38, '0,3'),
	(39, '1,5'),
	(39, '1,13'),
	(39, '0,75'),
	(39, '0,5'),
	(40, '1,5'),
	(40, '1,13'),
	(40, '0,75'),
	(40, '0,5'),
	(41, '2'),
	(41, '1,5'),
	(41, '1'),
	(41, '0,5');

-- Dumping structure for table db_logistic.score_presentasi
CREATE TABLE IF NOT EXISTS `score_presentasi` (
  `id` int NOT NULL AUTO_INCREMENT,
  `title` varchar(255) COLLATE utf8mb4_general_ci DEFAULT NULL,
  `score` double DEFAULT NULL,
  `team_name` varchar(255) COLLATE utf8mb4_general_ci DEFAULT NULL,
  `username` varchar(255) COLLATE utf8mb4_general_ci DEFAULT NULL,
  `nip` varchar(255) COLLATE utf8mb4_general_ci DEFAULT NULL,
  `created_at` date DEFAULT NULL,
  `max_score` varchar(255) COLLATE utf8mb4_general_ci DEFAULT NULL,
  PRIMARY KEY (`id`)
) ENGINE=InnoDB AUTO_INCREMENT=127 DEFAULT CHARSET=utf8mb4 COLLATE=utf8mb4_general_ci;

-- Dumping data for table db_logistic.score_presentasi: ~35 rows (approximately)
DELETE FROM `score_presentasi`;
INSERT INTO `score_presentasi` (`id`, `title`, `score`, `team_name`, `username`, `nip`, `created_at`, `max_score`) VALUES
	(85, 'Korelasi dengan stretegi atau tingkat urgensi atau tingkat kepentingan permasalahan dalam company view', 10, 'SUGOI', 'dude', '11', '2023-12-05', '20'),
	(86, 'Metode  dan tools yang digunakan dalam pengembangan solusi dan inovasi/improvement actions', 10, 'SUGOI', 'dude', '11', '2023-12-05', '20'),
	(87, 'Standarisasi', 10, 'SUGOI', 'dude', '11', '2023-12-05', '10'),
	(88, 'Teknik Penyampaian /\r\nKejelasan Presentasi', 10, 'SUGOI', 'dude', '11', '2023-12-05', '18'),
	(89, 'Keharmonisan penggunaan alat bantu', 10, 'SUGOI', 'dude', '11', '2023-12-05', '15'),
	(90, 'Kerjasama team dalam presentasi\r\n (Pengelolaan presentasi)', 10, 'SUGOI', 'dude', '11', '2023-12-05', '10'),
	(91, 'Ketepatan waktu presentasi\r\n(Score by timekeeper)', 2, 'SUGOI', 'dude', '11', '2023-12-05', '7'),
	(92, 'Korelasi dengan stretegi atau tingkat urgensi atau tingkat kepentingan permasalahan dalam company view', 5.2, 'AMPIBI', 'wiz', '10', '2023-12-05', '20'),
	(93, 'Metode  dan tools yang digunakan dalam pengembangan solusi dan inovasi/improvement actions', 3, 'AMPIBI', 'wiz', '10', '2023-12-05', '20'),
	(94, 'Standarisasi', 10, 'AMPIBI', 'wiz', '10', '2023-12-05', '10'),
	(95, 'Teknik Penyampaian /\r\nKejelasan Presentasi', 10, 'AMPIBI', 'wiz', '10', '2023-12-05', '18'),
	(96, 'Keharmonisan penggunaan alat bantu', 10, 'AMPIBI', 'wiz', '10', '2023-12-05', '15'),
	(97, 'Kerjasama team dalam presentasi\r\n (Pengelolaan presentasi)', 10, 'AMPIBI', 'wiz', '10', '2023-12-05', '10'),
	(98, 'Ketepatan waktu presentasi\r\n(Score by timekeeper)', 3, 'AMPIBI', 'wiz', '10', '2023-12-05', '7'),
	(99, 'Korelasi dengan stretegi atau tingkat urgensi atau tingkat kepentingan permasalahan dalam company view', 9, 'SEMONGKO', 'wiz', '10', '2023-12-05', '20'),
	(100, 'Metode  dan tools yang digunakan dalam pengembangan solusi dan inovasi/improvement actions', 9, 'SEMONGKO', 'wiz', '10', '2023-12-05', '20'),
	(101, 'Standarisasi', 9, 'SEMONGKO', 'wiz', '10', '2023-12-05', '10'),
	(102, 'Teknik Penyampaian /\r\nKejelasan Presentasi', 9, 'SEMONGKO', 'wiz', '10', '2023-12-05', '18'),
	(103, 'Keharmonisan penggunaan alat bantu', 9, 'SEMONGKO', 'wiz', '10', '2023-12-05', '15'),
	(104, 'Kerjasama team dalam presentasi\r\n (Pengelolaan presentasi)', 9, 'SEMONGKO', 'wiz', '10', '2023-12-05', '10'),
	(105, 'Ketepatan waktu presentasi\r\n(Score by timekeeper)', 1, 'SEMONGKO', 'wiz', '10', '2023-12-05', '7'),
	(113, 'Korelasi dengan stretegi atau tingkat urgensi atau tingkat kepentingan permasalahan dalam company view', 0, 'TERASI', 'wiz', '10', '2023-12-06', '20'),
	(114, 'Metode  dan tools yang digunakan dalam pengembangan solusi dan inovasi/improvement actions', 5, 'TERASI', 'wiz', '10', '2023-12-06', '20'),
	(115, 'Standarisasi', 5, 'TERASI', 'wiz', '10', '2023-12-06', '10'),
	(116, 'Teknik Penyampaian /\r\nKejelasan Presentasi', 10, 'TERASI', 'wiz', '10', '2023-12-06', '18'),
	(117, 'Keharmonisan penggunaan alat bantu', 15, 'TERASI', 'wiz', '10', '2023-12-06', '15'),
	(118, 'Kerjasama team dalam presentasi\r\n (Pengelolaan presentasi)', 5, 'TERASI', 'wiz', '10', '2023-12-06', '10'),
	(119, 'Ketepatan waktu presentasi\r\n(Score by timekeeper)', 5, 'TERASI', 'wiz', '10', '2023-12-06', '7'),
	(120, 'Korelasi dengan stretegi atau tingkat urgensi atau tingkat kepentingan permasalahan dalam company view', 1, 'BALADEWA', 'dude', '11', '2023-12-19', '20'),
	(121, 'Metode  dan tools yang digunakan dalam pengembangan solusi dan inovasi/improvement actions', 1, 'BALADEWA', 'dude', '11', '2023-12-19', '20'),
	(122, 'Standarisasi', 1, 'BALADEWA', 'dude', '11', '2023-12-19', '10'),
	(123, 'Teknik Penyampaian /\r\nKejelasan Presentasi', 1, 'BALADEWA', 'dude', '11', '2023-12-19', '18'),
	(124, 'Keharmonisan penggunaan alat bantu', 1, 'BALADEWA', 'dude', '11', '2023-12-19', '15'),
	(125, 'Kerjasama team dalam presentasi\r\n (Pengelolaan presentasi)', 1, 'BALADEWA', 'dude', '11', '2023-12-19', '10'),
	(126, 'Ketepatan waktu presentasi\r\n(Score by timekeeper)', 1, 'BALADEWA', 'dude', '11', '2023-12-19', '7');

-- Dumping structure for table db_logistic.subcriteria_lapangan
CREATE TABLE IF NOT EXISTS `subcriteria_lapangan` (
  `subcriteria_id` int NOT NULL AUTO_INCREMENT,
  `subcriteria_name` varchar(255) CHARACTER SET utf8mb4 COLLATE utf8mb4_general_ci DEFAULT NULL,
  `criteria_id` int DEFAULT NULL,
  PRIMARY KEY (`subcriteria_id`),
  KEY `FKd17jsp88aroh433el5xihkeam` (`criteria_id`),
  CONSTRAINT `FKd17jsp88aroh433el5xihkeam` FOREIGN KEY (`criteria_id`) REFERENCES `criteria_lapangan` (`id`)
) ENGINE=InnoDB AUTO_INCREMENT=27 DEFAULT CHARSET=utf8mb4 COLLATE=utf8mb4_general_ci;

-- Dumping data for table db_logistic.subcriteria_lapangan: ~19 rows (approximately)
DELETE FROM `subcriteria_lapangan`;
INSERT INTO `subcriteria_lapangan` (`subcriteria_id`, `subcriteria_name`, `criteria_id`) VALUES
	(1, 'A. Menjelaskan methode, quality tools dan data dalam memilih suatu project\r\n', 1),
	(2, 'B. Tema terkait dengan tujuan & strategi bisnis/perusahaan', 1),
	(3, 'C. Stakeholders Involvement (Keterlibatan Stakeholders) : Pemegang Saham, Customer, Karyawan (Atasan/Bawahan), Pemerintah, Supplier, Community dan Lingkungan\r\n', 1),
	(4, 'D .Target (sasaran) sesuai dengan tema\r\n', 2),
	(5, 'E. Target (sasaran) jelas dan menantang\r\n', 2),
	(6, 'F. Prediksi manfaat dan masalah potensial\r\n', 2),
	(7, 'G. Verifikasi stakeholders yang terkait dengan proyek perbaikan\r\n', 2),
	(8, 'H. Pendekatan/proses yang digunakan untuk mengidentifikasi potensi akar penyebab masalah utama/kemungkinan perbaikan\r\n', 3),
	(9, 'I. Aktualisasi dan keterlibatan team & stakeholders dalam mengembangkan pola hubungan sebab akibat\r\n', 3),
	(10, 'J. Menjelaskan metode dan quality tools yaang digunakan dalam pengembangan solusi dan inovasi/improvement actions\r\n', 4),
	(11, 'K. Kualitas ide solusi / inovation actions\r\n', 4),
	(12, 'L. Menjelaskan pendekatan yang digunakan untuk menerapkan tindakan solusi/improvement dan memastikan hasil yang ingin dicapai\r\n', 5),
	(13, 'M. Semua anggota Tim memahami perubahan-perubahan yang terjadi di dalam improvement yang dibuat terhadap kondisi sebelumnya (kondisi awal)\r\n', 5),
	(14, 'N. Tingkat pencapaian perbaikan dibandingkan dengan target (sasaran) akhir / antara\r\n', 6),
	(15, 'O. Kuantifikasi dampak solusi/improvement actions\r\n\r\n', 6),
	(16, 'P. Proyek perbaikan memberikan kontribusi/ dampak nyata terhadap tujuan perusahaan/plant/divisi/departement  dan stakeholders\r\n\r\n', 6),
	(17, 'Q. Standarisasi', 7),
	(18, 'R. Menjamin pelaksanaan standar baru\r\n', 7),
	(19, 'S. Identifikasi & Penetapan Rencana Berikutnya \r\n', 7);

-- Dumping structure for table db_logistic.subscriteria_yelyel
CREATE TABLE IF NOT EXISTS `subscriteria_yelyel` (
  `subscriteria_id` int NOT NULL AUTO_INCREMENT,
  `max_point` double DEFAULT NULL,
  `subscriteria_name` varchar(255) CHARACTER SET utf8mb4 COLLATE utf8mb4_general_ci DEFAULT NULL,
  `criteria_id` int DEFAULT NULL,
  PRIMARY KEY (`subscriteria_id`),
  KEY `FKksohwv6sso0vd188fp3syl9uw` (`criteria_id`),
  CONSTRAINT `FKksohwv6sso0vd188fp3syl9uw` FOREIGN KEY (`criteria_id`) REFERENCES `criteria_yelyel` (`criteria_id`)
) ENGINE=InnoDB AUTO_INCREMENT=14 DEFAULT CHARSET=utf8mb4 COLLATE=utf8mb4_general_ci;

-- Dumping data for table db_logistic.subscriteria_yelyel: ~13 rows (approximately)
DELETE FROM `subscriteria_yelyel`;
INSERT INTO `subscriteria_yelyel` (`subscriteria_id`, `max_point`, `subscriteria_name`, `criteria_id`) VALUES
	(1, 10, 'Vokal/Nada', 1),
	(2, 15, 'Semangat team ', 1),
	(3, 5, 'Kelancaran', 1),
	(4, 5, 'Profesionalitas', 2),
	(5, 10, 'Memiliki makna dan berhubungan dengan QCC ', 2),
	(6, 5, 'Alur /susunan', 3),
	(7, 10, 'Originalitas/Unik', 3),
	(8, 4, 'Kata kata yang sopan', 3),
	(9, 6, 'Memberi semangat kegembiraan', 3),
	(10, 10, 'Dinamis/tidak monoton', 4),
	(11, 5, 'Gaya tidak berlebihan', 4),
	(12, 5, 'Kesesuaian makna', 4),
	(13, 10, 'Waktu untuk yel- yel 3 menit', 5);

-- Dumping structure for table db_logistic.subskriteria
CREATE TABLE IF NOT EXISTS `subskriteria` (
  `id` bigint NOT NULL AUTO_INCREMENT,
  `name` varchar(255) COLLATE utf8mb4_general_ci DEFAULT NULL,
  `kriteria_id` bigint DEFAULT NULL,
  PRIMARY KEY (`id`),
  KEY `FK48w2irgu21nnjuc4679eqdk38` (`kriteria_id`),
  CONSTRAINT `FK48w2irgu21nnjuc4679eqdk38` FOREIGN KEY (`kriteria_id`) REFERENCES `kriteria` (`id`)
) ENGINE=InnoDB AUTO_INCREMENT=20 DEFAULT CHARSET=utf8mb4 COLLATE=utf8mb4_general_ci;

-- Dumping data for table db_logistic.subskriteria: ~19 rows (approximately)
DELETE FROM `subskriteria`;
INSERT INTO `subskriteria` (`id`, `name`, `kriteria_id`) VALUES
	(1, 'Menjelaskan methode, quality tools dan data dalam memilih suatu project', 1),
	(2, 'Tema terkait dengan tujuan & strategi bisnis/perusahaan', 1),
	(3, 'Stakeholders Involvement (Keterlibatan Stakeholders) : Pemegang Saham, Customer, Karyawan (Atasan/Bawahan), Pemerintah, Supplier, Community dan Lingkungan', 1),
	(4, 'Target (sasaran) sesuai dengan tema', 2),
	(5, 'Target (sasaran) jelas dan menantang', 2),
	(6, 'Prediksi manfaat dan masalah potensial', 2),
	(7, 'Verifikasi stakeholders yang terkait dengan proyek perbaikan', 2),
	(8, 'Pendekatan/proses yang digunakan untuk mengidentifikasi potensi akar penyebab masalah utama/kemungkinan perbaikan', 3),
	(9, 'Aktualisasi dan keterlibatan team & stakeholders dalam mengembangkan pola hubungan sebab akibat', 3),
	(10, 'Menjelaskan metode dan quality tools yaang digunakan dalam pengembangan solusi dan inovasi/improvement actions', 4),
	(11, 'Kualitas ide solusi / inovation actions', 4),
	(12, 'Menjelaskan pendekatan yang digunakan untuk menerapkan tindakan solusi/improvement dan memastikan hasil yang ingin dicapai', 5),
	(13, 'Semua anggota Tim memahami perubahan-perubahan yang terjadi di dalam improvement yang dibuat terhadap kondisi sebelumnya (kondisi awal)', 5),
	(14, 'Tingkat pencapaian perbaikan dibandingkan dengan target (sasaran) akhir / antara', 6),
	(15, 'Kuantifikasi dampak solusi/improvement actions', 6),
	(16, 'Proyek perbaikan memberikan kontribusi/ dampak nyata terhadap tujuan perusahaan/plant/divisi/departement  dan stakeholders', 6),
	(17, 'Standarisasi', 7),
	(18, 'Menjamin pelaksanaan standar baru', 7),
	(19, 'Identifikasi & Penetapan Rencana Berikutnya ', 7);

-- Dumping structure for table db_logistic.teams
CREATE TABLE IF NOT EXISTS `teams` (
  `id` int NOT NULL AUTO_INCREMENT,
  `name` varchar(255) CHARACTER SET utf8mb4 COLLATE utf8mb4_general_ci DEFAULT NULL,
  PRIMARY KEY (`id`) USING BTREE
) ENGINE=InnoDB AUTO_INCREMENT=10 DEFAULT CHARSET=utf8mb4 COLLATE=utf8mb4_general_ci;

-- Dumping data for table db_logistic.teams: ~9 rows (approximately)
DELETE FROM `teams`;
INSERT INTO `teams` (`id`, `name`) VALUES
	(1, 'COC'),
	(2, 'SUGOI'),
	(3, 'ALADIN'),
	(4, 'AMPIBI'),
	(5, 'TERASI'),
	(6, 'PILOT'),
	(7, 'SEMONGKO'),
	(8, 'ARES'),
	(9, 'BALADEWA');

-- Dumping structure for table db_logistic.team_yelyel
CREATE TABLE IF NOT EXISTS `team_yelyel` (
  `team_id` int NOT NULL AUTO_INCREMENT,
  `team_name` varchar(255) CHARACTER SET utf8mb4 COLLATE utf8mb4_general_ci DEFAULT NULL,
  PRIMARY KEY (`team_id`)
) ENGINE=InnoDB AUTO_INCREMENT=10 DEFAULT CHARSET=utf8mb4 COLLATE=utf8mb4_general_ci;

-- Dumping data for table db_logistic.team_yelyel: ~6 rows (approximately)
DELETE FROM `team_yelyel`;
INSERT INTO `team_yelyel` (`team_id`, `team_name`) VALUES
	(1, 'APW'),
	(2, 'BPW'),
	(3, 'DPW'),
	(4, 'RPW'),
	(5, 'JMW'),
	(6, 'JXP');

-- Dumping structure for table db_logistic.users
CREATE TABLE IF NOT EXISTS `users` (
  `users_id` int NOT NULL AUTO_INCREMENT,
  `nip` varchar(255) CHARACTER SET utf8mb4 COLLATE utf8mb4_general_ci DEFAULT NULL,
  `username` varchar(255) CHARACTER SET utf8mb4 COLLATE utf8mb4_general_ci DEFAULT NULL,
  `password` varchar(255) CHARACTER SET utf8mb4 COLLATE utf8mb4_general_ci DEFAULT NULL,
  `role` varchar(255) CHARACTER SET utf8mb4 COLLATE utf8mb4_general_ci DEFAULT NULL,
  PRIMARY KEY (`users_id`),
  UNIQUE KEY `UK_e72fwutcg2xou2qg41w9bn5ed` (`nip`)
) ENGINE=InnoDB AUTO_INCREMENT=96 DEFAULT CHARSET=utf8mb4 COLLATE=utf8mb4_general_ci;

-- Dumping data for table db_logistic.users: ~8 rows (approximately)
DELETE FROM `users`;
INSERT INTO `users` (`users_id`, `nip`, `username`, `password`, `role`) VALUES
	(1, '1', 'admin', 'admin', 'admin'),
	(11, '11', 'dude', '11', 'user'),
	(90, '1001', 'avis', 'yel123', 'user'),
	(91, '1002', 'frisda', 'yel123', 'user'),
	(92, '1003', 'harry', 'yel123', 'user'),
	(93, '10', 'wiz', '10', 'user'),
	(94, '020200', 'nana', 'nana', 'user'),
	(95, '22', 'dude', '22', 'user');

/*!40103 SET TIME_ZONE=IFNULL(@OLD_TIME_ZONE, 'system') */;
/*!40101 SET SQL_MODE=IFNULL(@OLD_SQL_MODE, '') */;
/*!40014 SET FOREIGN_KEY_CHECKS=IFNULL(@OLD_FOREIGN_KEY_CHECKS, 1) */;
/*!40101 SET CHARACTER_SET_CLIENT=@OLD_CHARACTER_SET_CLIENT */;
/*!40111 SET SQL_NOTES=IFNULL(@OLD_SQL_NOTES, 1) */;
